player_id,tm,year,player,pos,age,season,round,overall,gms,paATTs,paCMPs,paYDs,paTDs,paINTs,pa_aya,tm_paATTs,ruATTs,ruYDs,ruTDs,tm_ruATTs,tm_ruYDs,ms_ruATTs,tgts,recs,reYDs,reTDs,reAYDs,wopr,racr,adot,yac,ms_tgts,ms_AYDs,tm_tgts,tm_AYDs,1Ds,tm_1Ds,ms_1Ds,ppr,ppr/g,offSnaps,offSnapsPct
00-0032241,LAR,2018,Todd Gurley,RB,24,4,1,10,14,,,,,,,565,256,1251,17,412,1913,0.62,81,59,580,4,53,0.23,10.94,0.65,587,0.15,0.01,536,4644,96,349,0.28,368.1,26.29,825,0.75
00-0033873,KCC,2018,Patrick Mahomes,QB,23,2,1,10,16,580,383,5097,50,12,8.79,583,60,272,2,387,1855,0.16,,,,,,,,,0,,,559,4977,18,346,0.05,419.08,26.19,1032,0.9876
00-0034844,NYG,2018,Saquon Barkley,RB,21,1,1,2,16,,,,,,,581,261,1307,11,350,1600,0.75,121,91,721,4,34,0.32,21.21,0.28,768,0.21,0.01,574,4450,80,278,0.29,383.8,23.99,852,0.8296
00-0033280,CAR,2018,Christian McCaffrey,RB,22,2,1,8,16,,,,,,,562,219,1098,7,459,2435,0.48,124,107,867,6,129,0.36,6.72,1.04,845,0.23,0.03,549,4219,94,344,0.27,381.5,23.84,966,0.913
00-0033906,NOS,2018,Alvin Kamara,RB,23,2,3,67,15,,,,,,,519,194,883,14,471,2025,0.41,105,81,709,4,193,0.36,3.67,1.84,642,0.21,0.06,503,3149,88,322,0.27,348.2,23.21,658,0.6261
00-0032144,LAC,2018,Melvin Gordon,RB,25,4,1,15,12,,,,,,,512,175,885,10,398,1873,0.44,66,50,490,4,-23,0.19,-21.3,-0.35,526,0.13,-0.01,508,3961,68,313,0.22,271.5,22.63,524,0.5266
00-0026143,ATL,2018,Matt Ryan,QB,33,11,1,3,16,608,422,4923,35,7,8.1,615,33,125,3,351,1573,0.09,1,1,,1,,,,,4,0,,603,5322,16,322,0.05,353.42,22.09,1048,0.9887
00-0033045,DAL,2018,Ezekiel Elliott,RB,23,3,1,4,15,,,,,,,526,304,1435,6,435,1938,0.7,95,77,567,3,42,0.32,13.5,0.44,576,0.21,0.01,459,3251,95,255,0.37,331.2,22.08,890,0.8271
00-0031381,GBP,2018,Davante Adams,WR,26,5,2,53,15,,,,,,,639,,,,346,1718,,169,111,1386,13,1904,0.65,0.73,11.27,472,0.27,0.35,628,5459,64,299,0.21,327.6,21.84,953,0.8873
00-0027793,PIT,2018,Antonio Brown,WR,30,9,6,195,15,,,,,,,687,,,,345,1445,,169,104,1297,15,1899,0.63,0.68,11.24,485,0.25,0.37,676,5177,63,338,0.19,323.7,21.58,998,0.8943
00-0033553,PIT,2018,James Conner,RB,23,2,3,105,13,,,,,,,687,215,973,12,345,1445,0.62,71,55,497,1,23,0.16,21.61,0.32,544,0.11,0,676,5177,76,338,0.22,280,21.54,718,0.6434
00-0033537,HOU,2018,Deshaun Watson,QB,23,2,1,12,16,505,345,4165,26,9,8.25,505,99,551,5,472,2016,0.21,,,,,,,,,0,,,466,3945,33,275,0.12,337.7,21.11,1093,0.9991
00-0030564,HOU,2018,DeAndre Hopkins,WR,26,6,1,27,16,,,,,,,505,1,-7,,472,2016,0,163,115,1572,11,1995,0.88,0.79,12.24,415,0.35,0.51,466,3945,81,275,0.29,337.5,21.09,1084,0.9909
00-0022924,PIT,2018,Ben Roethlisberger,QB,36,15,1,11,16,675,452,5129,34,16,7.6,687,31,98,3,345,1445,0.09,,,,,,,,,-1,,,676,5177,13,338,0.04,336.96,21.06,1086,0.9731
00-0033923,KCC,2018,Kareem Hunt,RB,23,2,3,86,11,,,,,,,583,181,824,7,387,1855,0.47,35,26,378,7,68,0.1,5.56,1.94,,0.06,0.01,559,4977,63,346,0.18,230.2,20.93,502,0.4804
00-0023682,TBB,2018,Ryan Fitzpatrick,QB,36,14,7,250,8,246,164,2366,17,12,9.62,624,36,152,2,389,1525,0.09,,,,,,,,,0,,,620,6629,9,344,0.03,165.84,20.73,427,0.383
00-0027944,ATL,2018,Julio Jones,WR,29,8,1,6,16,,,,,,,615,2,12,,351,1573,0.01,170,113,1676,8,2420,0.74,0.69,14.24,449,0.28,0.45,603,5322,81,322,0.25,329.8,20.61,818,0.7717
00-0033040,KCC,2018,Tyreek Hill,WR,24,3,5,165,16,,,,,,,583,22,151,1,387,1855,0.06,137,87,1479,12,1898,0.63,0.78,13.85,570,0.25,0.38,559,4977,68,346,0.2,328,20.5,905,0.866
00-0029668,IND,2018,Andrew Luck,QB,29,6,1,1,16,639,430,4593,39,15,7.19,643,46,148,,405,1726,0.11,1,,,,,,,,0,0,,631,4726,13,332,0.04,324.52,20.28,1119,0.985
00-0020531,NOS,2018,Drew Brees,QB,39,18,2,32,15,489,364,3992,32,5,8.16,519,31,22,4,471,2025,0.07,,,,,,,,,3,,,503,3149,11,322,0.03,303.88,20.26,979,0.9315
00-0032765,NOS,2018,Michael Thomas,WR,25,3,2,47,16,,,,,,,519,,,,471,2025,,147,125,1405,9,1135,0.69,1.24,7.72,536,0.29,0.36,503,3149,75,322,0.23,319.5,19.97,929,0.8839
00-0027939,CAR,2018,Cam Newton,QB,29,8,1,1,14,471,320,3395,24,13,7.21,562,101,488,4,459,2435,0.22,,,,,,,,,0,,,549,4219,36,344,0.1,278.6,19.9,885,0.8365
00-0023459,GBP,2018,Aaron Rodgers,QB,35,14,1,24,16,597,372,4442,25,2,7.44,639,43,269,2,346,1718,0.12,,,,,,,,,0,,,628,5459,20,299,0.07,312.58,19.54,1012,0.9423
00-0033106,LAR,2018,Jared Goff,QB,24,3,1,1,16,562,364,4688,32,13,8.34,565,42,108,2,412,1913,0.1,,,,,,,,,0,,,536,4644,9,349,0.03,312.32,19.52,1064,0.9673
00-0030035,MIN,2018,Adam Thielen,WR,28,5,0,0,16,,,,,,,606,5,30,,357,1493,0.01,155,113,1373,9,1453,0.63,0.94,9.37,444,0.26,0.34,589,4305,75,284,0.26,307.3,19.21,1011,0.9619
00-0029263,SEA,2018,Russell Wilson,QB,30,7,3,75,16,427,280,3448,35,7,8.07,427,67,376,,532,2542,0.13,,,,,,,,,-1,,,400,3740,23,281,0.08,301.52,18.85,1069,1
00-0033869,CHI,2018,Mitchell Trubisky,QB,24,2,1,2,14,434,289,3223,24,12,7.43,510,68,421,3,466,1932,0.15,,,,,,,,,0,,,501,4473,29,283,0.1,261.02,18.64,929,0.8642
00-0033857,PIT,2018,JuJu Smith-Schuster,WR,22,2,2,62,16,,,,,,,687,1,13,,345,1445,0,166,111,1426,7,1394,0.56,1.02,8.4,687,0.25,0.27,676,5177,69,338,0.2,296.9,18.56,960,0.8602
00-0030506,KCC,2018,Travis Kelce,TE,29,6,3,63,16,,,,,,,583,,,,387,1855,,150,103,1336,10,1401,0.6,0.95,9.34,574,0.27,0.28,559,4977,68,346,0.2,296.6,18.54,993,0.9502
00-0032950,PHI,2018,Carson Wentz,QB,26,3,1,2,11,401,279,3074,21,7,7.67,598,34,93,,398,1585,0.09,,,,,,,,,9,,,567,4051,10,309,0.03,202.26,18.39,724,0.663
00-0033077,DAL,2018,Dak Prescott,QB,25,3,4,135,16,526,356,3884,22,8,7.38,526,75,305,6,435,1938,0.17,1,,,,,,,,0,0,,459,3251,25,255,0.1,293.86,18.37,1070,0.9944
00-0031503,TBB,2018,Jameis Winston,QB,24,4,1,1,11,378,244,2992,19,14,7.92,624,49,283,1,389,1525,0.13,,,,,,,,,0,,,620,6629,18,344,0.05,201.98,18.36,688,0.617
00-0031235,NYG,2018,Odell Beckham,WR,26,5,1,12,12,,,,,,,581,5,19,,350,1600,0.01,124,77,1052,6,1515,0.56,0.69,12.22,292,0.22,0.34,574,4450,53,278,0.19,220.1,18.34,716,0.6972
00-0029604,MIN,2018,Kirk Cousins,QB,30,7,4,102,16,606,425,4298,30,10,7.09,606,44,123,1,357,1493,0.12,,,,,,,,,2,,,589,4305,12,284,0.04,290.22,18.14,1051,1
00-0031408,TBB,2018,Mike Evans,WR,25,5,1,7,16,,,,,,,624,,,,389,1525,,139,86,1524,8,2121,0.56,0.72,15.26,279,0.22,0.32,620,6629,69,344,0.2,286.4,17.9,939,0.8422
00-0019596,NEP,2018,Tom Brady,QB,41,19,6,199,16,570,375,4355,29,11,7.64,572,23,35,2,478,2037,0.05,,,,,,,,,6,,,487,3518,10,305,0.03,283.7,17.73,1092,0.9759
00-0031588,MIN,2018,Stefon Diggs,WR,25,4,5,146,15,,,,,,,606,10,62,,357,1493,0.03,148,102,1021,9,1266,0.58,0.81,8.55,453,0.25,0.29,589,4305,52,284,0.18,264.3,17.62,874,0.8316
00-0030061,PHI,2018,Zach Ertz,TE,28,6,2,35,16,,,,,,,598,,,,398,1585,,156,116,1163,8,1122,0.61,1.04,7.19,353,0.28,0.28,567,4051,66,309,0.21,280.3,17.52,1000,0.9158
00-0034857,BUF,2018,Josh Allen,QB,22,1,1,7,12,320,169,2074,10,12,6.48,496,89,631,8,466,1984,0.19,1,,,,,,,,0,0,,466,5247,41,217,0.19,210.06,17.51,719,0.6789
00-0033897,CIN,2018,Joe Mixon,RB,22,2,2,48,14,,,,,,,542,237,1168,8,357,1676,0.66,55,43,296,1,9,0.16,32.89,0.16,328,0.1,0,530,4357,74,273,0.27,243.4,17.39,595,0.5968
00-0030279,LAC,2018,Keenan Allen,WR,26,6,3,76,15,,,,,,,512,9,75,,398,1873,0.02,137,97,1196,6,1183,0.61,1.01,8.64,408,0.27,0.3,508,3961,66,313,0.21,260.1,17.34,794,0.798
00-0022942,LAC,2018,Philip Rivers,QB,37,15,1,4,16,508,347,4308,32,12,8.48,512,18,7,,398,1873,0.05,,,,,,,,,0,,,508,3961,1,313,0,277.02,17.31,964,0.9688
00-0034855,CLE,2018,Baker Mayfield,QB,23,1,1,1,14,486,310,3725,27,14,7.66,571,39,131,,469,2082,0.08,,,,,,,,,0,,,635,6312,8,297,0.03,242.1,17.29,906,0.8304
00-0031062,NEP,2018,James White,RB,26,5,4,130,16,,,,,,,572,94,425,5,478,2037,0.2,123,87,751,7,417,0.46,1.8,3.39,603,0.25,0.12,487,3518,60,305,0.2,276.6,17.29,600,0.5362
00-0027150,NEP,2018,Julian Edelman,WR,32,9,7,232,12,,,,,,,572,9,107,,478,2037,0.02,108,74,850,6,828,0.5,1.03,7.67,348,0.22,0.24,487,3518,48,305,0.16,205.7,17.14,747,0.6676
00-0030533,BUF,2018,Matt Barkley,QB,28,5,4,98,1,25,15,232,2,,9.28,496,3,-2,,466,1984,0.01,,,,,,,,,0,,,466,5247,0,217,0,17.08,17.08,73,0.0689
00-0029608,IND,2018,TY Hilton,WR,29,7,3,92,14,,,,,,,643,,,,405,1726,,120,76,1270,6,1310,0.48,0.97,10.92,465,0.19,0.28,631,4726,55,332,0.17,239,17.07,763,0.6717
00-0033908,LAR,2018,Cooper Kupp,WR,25,2,3,69,8,,,,,,,565,4,25,,412,1913,0.01,56,40,566,6,438,0.22,1.29,7.82,313,0.1,0.09,536,4644,28,349,0.08,135.1,16.89,439,0.3991
00-0027942,CIN,2018,AJ Green,WR,30,8,1,4,9,,,,,,,542,,,,357,1676,,77,46,694,6,949,0.37,0.73,12.32,163,0.15,0.22,530,4357,37,273,0.14,151.4,16.82,458,0.4594
00-0030431,LAR,2018,Robert Woods,WR,26,6,2,41,16,,,,,,,565,19,157,1,412,1913,0.05,131,86,1219,6,1462,0.59,0.83,11.16,420,0.24,0.31,536,4644,75,349,0.21,265.6,16.6,1041,0.9464
00-0031236,LAR,2018,Brandin Cooks,WR,25,5,1,20,15,,,,,,,565,10,68,1,412,1913,0.02,116,80,1204,5,1469,0.55,0.82,12.66,357,0.22,0.32,536,4644,61,349,0.17,243.2,16.21,989,0.8991
00-0033936,SFO,2018,CJ Beathard,QB,25,2,3,104,5,169,102,1252,8,7,7.41,532,19,69,1,422,1892,0.05,,,,,,,,,0,,,510,3627,6,298,0.02,80.98,16.2,341,0.3226
00-0027685,DEN,2018,Emmanuel Sanders,WR,31,9,3,82,12,,,,,,,586,4,53,1,393,1907,0.01,98,71,868,4,882,0.39,0.98,9,314,0.16,0.21,596,4191,39,279,0.14,193.1,16.09,658,0.6127
00-0033288,SFO,2018,George Kittle,TE,25,2,5,146,16,,,,,,,532,,,,422,1892,,135,88,1377,5,960,0.58,1.43,7.11,871,0.26,0.26,510,3627,61,298,0.2,255.7,15.98,929,0.8789
00-0027973,CIN,2018,Andy Dalton,QB,31,8,2,35,11,365,226,2566,21,11,7.03,542,16,99,,357,1676,0.04,,,,,,,,,0,,,530,4357,4,273,0.01,174.54,15.87,627,0.6289
00-0033009,CIN,2018,Tyler Boyd,WR,24,3,2,55,14,,,,,,,542,2,3,,357,1676,0.01,108,76,1028,7,1087,0.48,0.95,10.06,426,0.2,0.25,530,4357,54,273,0.2,221.1,15.79,773,0.7753
00-0029567,PHI,2018,Nick Foles,QB,29,7,3,88,5,195,141,1413,7,4,7.25,598,9,17,,398,1585,0.02,,,,,,,,,2,,,567,4051,7,309,0.02,78.22,15.64,357,0.3269
00-0032187,ARI,2018,David Johnson,RB,27,4,3,86,16,,,,,,,494,258,941,7,353,1341,0.73,76,50,446,3,63,0.25,7.08,0.83,385,0.16,0.01,466,4310,73,212,0.34,248.7,15.54,749,0.7951
00-0026158,BAL,2018,Joe Flacco,QB,33,11,1,18,9,379,232,2468,12,6,6.51,555,19,45,,528,2352,0.04,,,,,,,,,0,,,522,4760,10,330,0.03,139.22,15.47,641,0.5391
00-0031345,SFO,2018,Jimmy Garoppolo,QB,27,5,2,62,3,89,53,718,5,3,8.07,532,8,33,,422,1892,0.02,,,,,,,,,0,,,510,3627,2,298,0.01,46.02,15.34,197,0.1864
00-0033319,SFO,2018,Nick Mullens,QB,23,1,0,0,8,274,176,2277,13,10,8.31,532,18,-16,,422,1892,0.04,,,,,,,,,0,,,510,3627,1,298,0,121.48,15.19,519,0.491
00-0033127,HOU,2018,Will Fuller,WR,24,3,1,21,7,,,,,,,505,,,,472,2016,,45,32,503,4,623,0.26,0.81,13.84,166,0.1,0.16,466,3945,23,275,0.08,106.3,15.19,375,0.3428
00-0022803,NYG,2018,Eli Manning,QB,37,15,1,1,16,576,380,4299,21,11,7.46,581,15,20,1,350,1600,0.04,,,,,,,,,0,,,574,4450,5,278,0.02,241.96,15.12,1009,0.9825
00-0033856,JAC,2018,Leonard Fournette,RB,23,2,1,4,8,,,,,,,534,133,439,5,357,1537,0.37,26,22,185,1,-15,0.07,-12.33,-0.58,213,0.05,0,519,3611,33,248,0.13,120.4,15.05,280,0.2692
00-0034109,DEN,2018,Phillip Lindsay,RB,24,1,0,0,15,,,,,,,586,192,1037,9,393,1907,0.49,47,35,241,1,-26,0.11,-9.27,-0.55,298,0.08,-0.01,596,4191,61,279,0.22,222.8,14.85,453,0.4218
00-0033951,IND,2018,Marlon Mack,RB,22,2,4,143,12,,,,,,,643,195,908,9,405,1726,0.48,26,17,103,1,-8,0.06,-12.88,-0.31,126,0.04,0,631,4726,53,332,0.16,178.1,14.84,444,0.3908
00-0033556,CHI,2018,Tarik Cohen,RB,23,2,4,119,16,,,,,,,510,99,441,3,466,1932,0.21,89,71,725,5,316,0.32,2.29,3.55,513,0.18,0.07,501,4473,49,283,0.17,235.6,14.73,495,0.4605
00-0033594,SEA,2018,Chris Carson,RB,24,2,7,249,14,,,,,,,427,247,1151,9,532,2542,0.46,24,20,163,,1,0.09,163,0.04,163,0.06,0,400,3740,68,281,0.24,205.4,14.67,454,0.4247
00-0031544,OAK,2018,Amari Cooper,WR,24,4,1,4,15,,,,,,,556,2,20,,385,1576,0.01,108,75,1004,7,732,0.39,1.37,6.78,415,0.18,0.17,599,4209,40,305,0.13,219.4,14.63,323,0.31
00-0033293,GBP,2018,Aaron Jones,RB,24,2,5,182,12,,,,,,,639,133,729,8,346,1718,0.38,35,26,206,1,9,0.08,22.89,0.26,221,0.06,0,628,5459,53,299,0.18,173.5,14.46,376,0.3501
00-0031280,OAK,2018,Derek Carr,QB,27,5,2,36,16,553,381,4049,19,10,7.32,556,24,47,1,385,1576,0.06,,,,,,,,,-9,,,599,4209,5,305,0.02,228.66,14.29,1030,0.9885
00-0029137,PHI,2018,Alshon Jeffery,WR,28,7,2,45,13,,,,,,,598,,,,398,1585,,92,65,843,6,1002,0.42,0.84,10.89,272,0.16,0.25,567,4051,48,309,0.16,185.3,14.25,770,0.7051
00-0033893,MIN,2018,Dalvin Cook,RB,23,2,2,41,11,,,,,,,606,133,615,2,357,1493,0.37,49,40,305,2,-71,0.11,-4.3,-1.45,384,0.08,-0.02,589,4305,37,284,0.13,156,14.18,491,0.4672
00-0034349,DET,2018,Kerryon Johnson,RB,21,1,2,43,10,,,,,,,572,118,641,3,401,1626,0.29,39,32,213,1,-25,0.1,-8.52,-0.64,267,0.07,-0.01,571,3847,43,263,0.16,141.4,14.14,346,0.3219
00-0023436,WAS,2018,Alex Smith,QB,34,14,1,1,10,328,205,2180,10,5,6.65,508,41,168,1,415,1776,0.1,,,,,,,,,0,,,497,4080,15,240,0.06,140,14,651,0.6382
00-0031407,JAC,2018,Blake Bortles,QB,26,5,1,3,13,403,243,2719,13,11,6.75,534,58,365,1,357,1537,0.16,,,,,,,,,0,,,519,3611,28,248,0.11,181.26,13.94,777,0.7471
00-0033932,DET,2018,Kenny Golladay,WR,25,2,3,96,15,,,,,,,572,1,8,,401,1626,0,118,70,1063,5,1530,0.59,0.69,12.97,365,0.21,0.4,571,3847,56,263,0.21,207.1,13.81,904,0.8409
00-0032211,SEA,2018,Tyler Lockett,WR,26,4,3,69,16,,,,,,,427,13,69,,532,2542,0.02,71,57,965,10,910,0.44,1.06,12.82,240,0.18,0.24,400,3740,40,281,0.14,220.4,13.78,908,0.8494
00-0026498,DET,2018,Matthew Stafford,QB,30,10,1,1,16,555,367,3777,21,11,6.81,572,25,71,,401,1626,0.06,,,,,,,,,2,,,571,3847,8,263,0.03,220.18,13.76,1052,0.9786
00-0031387,IND,2018,Eric Ebron,TE,25,5,1,10,16,,,,,,,643,,,,405,1726,,110,66,750,13,1020,0.41,0.74,9.27,250,0.17,0.22,631,4726,40,332,0.12,219,13.69,634,0.5581
00-0028986,DEN,2018,Case Keenum,QB,30,7,0,0,16,586,365,3890,18,15,6.64,586,26,93,2,393,1907,0.07,,,,,,,,,0,,,596,4191,10,279,0.04,218.9,13.68,1073,0.9991
00-0031382,CLE,2018,Jarvis Landry,WR,26,5,2,63,16,,,,,,,571,3,60,1,469,2082,0.01,148,81,976,4,1729,0.54,0.56,11.68,261,0.23,0.27,635,6312,46,297,0.15,214.6,13.41,957,0.8772
00-0034577,CAR,2018,Kyle Allen,QB,22,1,0,0,2,31,20,266,2,,8.58,562,5,19,1,459,2435,0.01,,,,,,,,,0,,,549,4219,2,344,0.01,26.54,13.27,68,0.0643
00-0034869,NYJ,2018,Sam Darnold,QB,21,1,1,3,13,414,239,2865,17,15,6.92,524,44,138,1,409,1610,0.11,,,,,,,,,0,,,509,4531,16,228,0.07,172.4,13.26,810,0.8092
00-0025399,OAK,2018,Marshawn Lynch,RB,32,11,1,12,6,,,,,,,556,90,376,3,385,1576,0.23,19,15,84,,54,0.06,1.56,2.84,90,0.03,0.01,599,4209,26,305,0.09,79,13.17,209,0.2006
00-0029701,MIA,2018,Ryan Tannehill,QB,30,6,1,8,11,274,176,1979,17,9,7.22,452,32,145,,371,1738,0.09,1,1,,1,,,,,1,0,,426,3490,10,224,0.04,143.66,13.06,580,0.6304
00-0034837,ATL,2018,Calvin Ridley,WR,23,1,1,26,16,,,,,,,615,6,27,,351,1573,0.02,92,64,821,10,931,0.35,0.88,10.12,364,0.15,0.17,603,5322,40,322,0.12,208.8,13.05,644,0.6075
00-0033118,MIA,2018,Kenyan Drake,RB,24,3,3,73,16,,,,,,,452,120,535,4,371,1738,0.32,73,53,477,5,174,0.29,2.74,2.38,435,0.17,0.05,426,3490,46,224,0.21,208.2,13.01,545,0.5924
00-0030669,MIA,2018,Albert Wilson,WR,26,5,0,0,7,,,,,,,452,8,16,,371,1738,0.02,35,26,391,4,273,0.18,1.43,7.8,334,0.08,0.08,426,3490,13,224,0.06,90.7,12.96,232,0.2522
00-0029293,DET,2018,Marvin Jones,WR,28,7,5,166,9,,,,,,,572,,,,401,1626,,62,35,508,5,906,0.33,0.56,14.61,101,0.11,0.24,571,3847,27,263,0.1,115.8,12.87,538,0.5005
00-0032764,TEN,2018,Derrick Henry,RB,24,3,2,45,16,,,,,,,432,215,1059,12,454,2023,0.47,18,15,99,,21,0.07,4.71,1.17,115,0.04,0.01,428,3297,55,263,0.21,202.8,12.68,401,0.4067
00-0032268,TEN,2018,Marcus Mariota,QB,25,4,1,2,14,331,228,2528,11,8,7.64,432,64,357,2,454,2023,0.14,,,,,,,,,11,,,428,3297,27,263,0.1,176.82,12.63,775,0.786
00-0026189,TBB,2018,DeSean Jackson,WR,32,11,2,49,12,,,,,,,624,6,29,1,389,1525,0.02,75,41,774,4,1364,0.33,0.57,18.19,181,0.12,0.21,620,6629,33,344,0.1,151.3,12.61,452,0.4054
00-0032209,JAC,2018,TJ Yeldon,RB,25,4,2,36,14,,,,,,,534,104,414,1,357,1537,0.29,78,55,487,4,61,0.24,7.98,0.78,471,0.15,0.02,519,3611,37,248,0.15,175.1,12.51,507,0.4875
00-0029615,HOU,2018,Lamar Miller,RB,27,7,4,97,14,,,,,,,505,211,973,5,472,2016,0.45,35,25,163,1,24,0.12,6.79,0.69,171,0.08,0.01,466,3945,44,275,0.16,174.6,12.47,619,0.5658
00-0032626,GBP,2018,Geronimo Allison,WR,24,3,0,0,5,,,,,,,639,,,,346,1718,,30,20,303,2,388,0.12,0.78,12.93,106,0.05,0.07,628,5459,11,299,0.04,62.3,12.46,241,0.2244
00-0033699,LAC,2018,Austin Ekeler,RB,23,2,0,0,14,,,,,,,512,106,554,3,398,1873,0.27,53,39,404,3,18,0.16,22.44,0.34,411,0.1,0,508,3961,43,313,0.14,170.8,12.2,348,0.3497
00-0034791,CLE,2018,Nick Chubb,RB,22,1,2,35,16,,,,,,,571,192,996,8,469,2082,0.41,29,20,149,2,59,0.08,2.53,2.03,176,0.05,0.01,635,6312,52,297,0.18,194.5,12.16,395,0.3621
00-0027061,OAK,2018,Jared Cook,TE,31,10,3,89,16,,,,,,,556,,,,385,1576,,101,68,896,6,840,0.39,1.07,8.32,344,0.17,0.2,599,4209,46,305,0.15,193.6,12.1,767,0.7361
00-0032058,ATL,2018,Tevin Coleman,RB,25,4,3,73,16,,,,,,,615,167,800,4,351,1573,0.48,44,32,276,5,28,0.11,9.86,0.64,271,0.07,0.01,603,5322,51,322,0.16,193.6,12.1,580,0.5472
00-0027891,DET,2018,Golden Tate,WR,30,9,2,60,15,,,,,,,572,4,34,,401,1626,0.01,113,74,795,4,450,0.38,1.77,3.98,436,0.2,0.12,571,3847,10,263,0.04,180.9,12.06,366,0.3405
00-0025394,WAS,2018,Adrian Peterson,RB,33,12,1,7,16,,,,,,,508,251,1042,7,415,1776,0.6,26,20,208,1,13,0.08,16,0.5,201,0.05,0,497,4080,56,240,0.23,193,12.06,479,0.4696
00-0033879,TBB,2018,OJ Howard,TE,24,2,1,19,10,,,,,,,624,,,,389,1525,,48,34,565,5,570,0.18,0.99,11.88,209,0.08,0.09,620,6629,28,344,0.08,120.5,12.05,435,0.3901
00-0027966,NOS,2018,Mark Ingram,RB,29,8,1,28,12,,,,,,,519,138,645,6,471,2025,0.29,27,21,170,1,9,0.08,18.89,0.33,155,0.05,0,503,3149,39,322,0.12,144.5,12.04,350,0.333
00-0031428,CHI,2018,Allen Robinson,WR,25,5,2,61,13,,,,,,,510,1,9,,466,1932,0,94,55,754,4,1124,0.46,0.67,11.96,216,0.19,0.25,501,4473,36,283,0.13,155.3,11.95,765,0.7116
00-0032009,TBB,2018,Adam Humphries,WR,25,4,0,0,16,,,,,,,624,2,11,,389,1525,0.01,104,76,816,5,682,0.32,1.2,6.56,489,0.17,0.1,620,6629,48,344,0.14,188.7,11.79,781,0.7004
00-0033308,SFO,2018,Matt Breida,RB,23,2,0,0,14,,,,,,,532,153,814,3,422,1892,0.36,31,27,261,2,102,0.11,2.56,3.29,235,0.06,0.03,510,3627,48,298,0.16,164.5,11.75,364,0.3444
00-0033921,TBB,2018,Chris Godwin,WR,22,2,3,84,16,,,,,,,624,,,,389,1525,,95,59,842,7,1134,0.35,0.74,11.94,257,0.15,0.17,620,6629,48,344,0.14,185.2,11.58,717,0.643
00-0033282,CAR,2018,Curtis Samuel,WR,22,2,2,40,12,,,,,,,562,8,84,2,459,2435,0.02,65,39,494,5,759,0.3,0.65,11.68,111,0.12,0.18,549,4219,27,344,0.08,138.8,11.57,467,0.4414
00-0029664,CLE,2018,Josh Gordon,WR,27,5,2,1,12,,,,,,,571,,,,469,2082,,71,41,737,4,922,0.27,0.8,12.99,281,0.11,0.15,635,6312,29,297,0.1,138.7,11.56,69,0.0632
00-0031325,KCC,2018,Sammy Watkins,WR,25,5,1,4,10,,,,,,,583,5,52,,387,1855,0.01,55,40,519,3,526,0.22,0.99,9.56,225,0.1,0.11,559,4977,26,346,0.08,115.1,11.51,459,0.4392
00-0034860,SFO,2018,Dante Pettis,WR,22,1,2,44,9,,,,,,,532,1,-2,,422,1892,0,45,27,467,5,514,0.23,0.91,11.42,205,0.09,0.14,510,3627,19,298,0.06,103.5,11.5,452,0.4276
00-0033871,TEN,2018,Corey Davis,WR,23,2,1,5,16,,,,,,,432,6,55,,454,2023,0.01,112,65,891,4,1160,0.64,0.77,10.36,267,0.26,0.35,428,3297,49,263,0.19,183.6,11.48,872,0.8844
00-0032426,BAL,2018,Alex Collins,RB,24,3,5,171,10,,,,,,,555,114,411,7,528,2352,0.22,21,15,105,1,27,0.06,3.89,1.29,97,0.04,0.01,522,4760,28,330,0.08,114.6,11.46,311,0.2616
00-0032688,NYJ,2018,Robby Anderson,WR,25,3,0,0,14,,,,,,,524,2,-8,,409,1610,0,93,50,752,6,1431,0.5,0.53,15.39,181,0.18,0.32,509,4531,30,228,0.13,160.4,11.46,682,0.6813
00-0026300,WAS,2018,Josh Johnson,QB,32,7,5,160,4,91,52,590,3,4,6.48,508,23,120,1,415,1776,0.06,,,,,,,,,0,,,497,4080,7,240,0.03,45.6,11.4,204,0.2
00-0032780,CHI,2018,Jordan Howard,RB,24,3,5,150,16,,,,,,,510,250,935,9,466,1932,0.54,27,20,145,,24,0.08,6.04,0.89,127,0.05,0.01,501,4473,60,283,0.21,182,11.38,624,0.5805
00-0032385,NYG,2018,Sterling Shepard,WR,24,3,2,40,16,,,,,,,581,3,33,,350,1600,0.01,107,66,872,4,1107,0.45,0.79,10.35,309,0.19,0.25,574,4450,48,278,0.17,180.5,11.28,934,0.9094
00-0034339,WAS,2018,Trey Quinn,WR,22,1,7,256,2,,,,,,,508,1,,,415,1776,0,10,9,75,1,73,0.04,1.03,7.3,17,0.02,0.02,497,4080,5,240,0.02,22.5,11.25,107,0.1049
00-0022921,ARI,2018,Larry Fitzgerald,WR,35,15,1,3,16,,,,,,,494,,,,353,1341,,112,69,734,6,1024,0.53,0.72,9.14,205,0.24,0.24,466,4310,39,212,0.18,178.4,11.15,872,0.9257
00-0033295,NYJ,2018,Elijah McGuire,RB,24,2,6,188,8,,,,,,,524,91,269,3,409,1610,0.22,31,19,193,1,179,0.12,1.08,5.77,155,0.06,0.04,509,4531,25,228,0.11,89.2,11.15,318,0.3177
00-0033536,LAC,2018,Mike Williams,WR,24,2,1,7,16,,,,,,,512,7,28,1,398,1873,0.02,66,43,664,10,964,0.37,0.69,14.61,118,0.13,0.24,508,3961,38,313,0.12,178.2,11.14,622,0.6251
00-0029632,ATL,2018,Mohamed Sanu,WR,29,7,3,83,16,,,,,,,615,7,44,,351,1573,0.02,94,66,838,4,783,0.34,1.07,8.33,395,0.16,0.15,603,5322,46,322,0.14,178.2,11.14,830,0.783
00-0033839,JAC,2018,Dede Westbrook,WR,25,2,4,110,16,,,,,,,534,9,98,,357,1537,0.03,101,66,718,5,838,0.45,0.86,8.3,375,0.19,0.23,519,3611,43,248,0.17,177.6,11.1,805,0.774
00-0034796,BAL,2018,Lamar Jackson,QB,21,1,1,32,15,170,99,1201,6,3,7.06,555,147,697,5,528,2352,0.28,2,,,,,,,,0,0,,522,4760,45,330,0.14,165.74,11.05,585,0.492
00-0033881,NYG,2018,Evan Engram,TE,24,2,1,23,11,,,,,,,581,,,,350,1600,,64,45,577,3,342,0.22,1.69,5.34,398,0.11,0.08,574,4450,25,278,0.09,120.7,10.97,475,0.4625
00-0028434,SEA,2018,Doug Baldwin,WR,30,8,0,0,13,,,,,,,427,,,,532,2542,,73,50,618,5,809,0.43,0.76,11.08,156,0.18,0.22,400,3740,32,281,0.11,141.8,10.91,711,0.6651
00-0034845,NEP,2018,Sony Michel,RB,23,1,1,31,13,,,,,,,572,209,931,6,478,2037,0.44,11,7,50,,15,0.04,3.33,1.36,50,0.02,0,487,3518,57,305,0.19,141.1,10.85,320,0.286
00-0031590,PHI,2018,Jay Ajayi,RB,25,4,5,149,4,,,,,,,598,45,184,3,398,1585,0.11,6,5,20,,18,0.02,1.11,3,30,0.01,0,567,4051,12,309,0.04,43.4,10.85,120,0.1099
00-0030656,NYJ,2018,Isaiah Crowell,RB,25,5,0,0,13,,,,,,,524,143,685,6,409,1610,0.35,28,21,152,,-9,0.08,-16.89,-0.32,173,0.06,0,509,4531,33,228,0.14,140.7,10.82,332,0.3317
00-0033925,HOU,2018,DOnta Foreman,RB,22,2,3,89,1,,,,,,,505,7,-1,,472,2016,0.01,2,2,28,1,18,0.01,1.56,9,10,0,0,466,3945,1,275,0,10.7,10.7,31,0.0283
00-0032436,CIN,2018,Jeff Driskel,QB,25,1,6,207,8,177,105,1003,6,2,5.67,542,25,130,2,357,1676,0.07,,,,,,,,,0,,,530,4357,7,273,0.03,85.12,10.64,372,0.3731
00-0025396,NOS,2018,Ted Ginn,WR,33,12,1,9,5,,,,,,,519,3,26,,471,2025,0.01,30,17,209,2,464,0.19,0.45,15.47,48,0.06,0.15,503,3149,11,322,0.03,52.5,10.5,196,0.1865
00-0027874,DEN,2018,Demaryius Thomas,WR,31,9,1,22,15,,,,,,,586,,,,393,1907,,89,59,677,5,587,0.32,1.15,6.6,277,0.15,0.14,596,4191,15,279,0.05,156.7,10.45,359,0.3282
00-0034366,HOU,2018,Keke Coutee,WR,21,1,4,103,6,,,,,,,505,3,,,472,2016,0.01,41,28,287,1,208,0.17,1.38,5.07,210,0.09,0.05,466,3945,13,275,0.05,62.7,10.45,267,0.2441
00-0030181,IND,2018,Jack Doyle,TE,28,6,0,0,6,,,,,,,643,,,,405,1726,,33,26,245,2,174,0.1,1.41,5.27,108,0.05,0.04,631,4726,14,332,0.04,62.5,10.42,331,0.2914
00-0028118,CLE,2018,Tyrod Taylor,QB,29,8,6,180,4,85,42,473,2,2,5.56,571,16,125,1,469,2082,0.03,,,,,,,,,0,,,635,6312,6,297,0.02,41.42,10.36,185,0.1696
00-0026176,OAK,2018,Jordy Nelson,WR,33,11,2,36,15,,,,,,,556,1,-2,,385,1576,0,88,63,739,3,805,0.35,0.92,9.15,241,0.15,0.19,599,4209,36,305,0.12,154.7,10.31,841,0.8071
00-0031549,PHI,2018,Nelson Agholor,WR,25,4,1,20,16,,,,,,,598,3,32,,398,1585,0.01,97,64,736,4,953,0.42,0.77,9.82,346,0.17,0.24,567,4051,30,309,0.1,164.8,10.3,982,0.8993
00-0034775,ARI,2018,Christian Kirk,WR,21,1,2,47,12,,,,,,,494,3,35,,353,1341,0.01,68,43,590,3,653,0.32,0.9,9.6,226,0.15,0.15,466,4310,23,212,0.11,123.5,10.29,542,0.5754
00-0027656,NEP,2018,Rob Gronkowski,TE,29,9,2,42,13,,,,,,,572,,,,478,2037,,72,47,682,3,905,0.4,0.75,12.57,177,0.15,0.26,487,3518,34,305,0.11,133.2,10.25,838,0.7489
00-0033891,BUF,2018,Zay Jones,WR,23,2,2,37,16,,,,,,,496,1,,,466,1984,0,102,56,652,7,1256,0.5,0.52,12.31,142,0.22,0.24,466,5247,33,217,0.15,163.2,10.2,941,0.8886
00-0034827,CAR,2018,DJ Moore,WR,21,1,1,24,16,,,,,,,562,13,172,,459,2435,0.03,82,55,788,2,810,0.36,0.97,9.88,416,0.15,0.19,549,4219,39,344,0.11,163,10.19,733,0.6928
00-0028087,TEN,2018,Dion Lewis,RB,28,8,5,149,16,,,,,,,432,155,517,1,454,2023,0.34,67,59,400,1,-69,0.22,-5.8,-1.03,473,0.16,-0.02,428,3297,35,263,0.13,162.7,10.17,600,0.6085
00-0023564,PHI,2018,Darren Sproles,RB,35,14,4,130,6,,,,,,,598,29,120,1,398,1585,0.07,23,15,160,2,41,0.07,3.9,1.78,127,0.04,0.01,567,4051,12,309,0.04,61,10.17,149,0.1364
00-0034367,IND,2018,Nyheim Hines,RB,21,1,4,104,16,,,,,,,643,85,314,2,405,1726,0.21,81,63,425,2,200,0.22,2.12,2.47,349,0.13,0.04,631,4726,46,332,0.14,160.9,10.06,499,0.4393
00-0030874,KCC,2018,Damien Williams,RB,26,5,0,0,10,,,,,,,583,50,256,4,387,1855,0.13,24,23,160,2,-44,0.06,-3.64,-1.83,208,0.04,-0.01,559,4977,24,346,0.07,100.6,10.06,180,0.1722
00-0032392,ATL,2018,Austin Hooper,TE,24,3,3,81,16,,,,,,,615,,,,351,1573,,88,71,660,4,603,0.3,1.09,6.85,234,0.15,0.11,603,5322,30,322,0.09,161,10.06,809,0.7632
00-0033025,OAK,2018,Jalen Richard,RB,25,3,0,0,16,,,,,,,556,55,259,1,385,1576,0.14,81,68,607,,144,0.23,4.22,1.78,495,0.14,0.03,599,4209,34,305,0.11,160.6,10.04,413,0.3964
00-0034331,PIT,2018,Jaylen Samuels,RB,22,1,5,165,9,,,,,,,687,56,256,,345,1445,0.16,29,26,199,3,4,0.06,49.75,0.14,215,0.04,0,676,5177,23,338,0.07,89.5,9.94,228,0.2043
00-0028002,GBP,2018,Randall Cobb,WR,28,8,2,64,9,,,,,,,639,,,,346,1718,,61,38,384,2,508,0.21,0.76,8.33,233,0.1,0.09,628,5459,18,299,0.06,88.4,9.82,466,0.4339
00-0030549,CIN,2018,Tyler Eifert,TE,28,6,1,21,4,,,,,,,542,,,,357,1676,,19,15,179,1,166,0.08,1.08,8.74,54,0.04,0.04,530,4357,10,273,0.04,38.9,9.73,133,0.1334
00-0029682,MIA,2018,Brock Osweiler,QB,28,7,2,57,7,178,113,1247,6,4,7.01,452,8,21,,371,1738,0.02,,,,,,,,,0,,,426,3490,1,224,0,67.98,9.71,340,0.3696
00-0031228,CHI,2018,Taylor Gabriel,WR,27,5,0,0,16,,,,,,,510,9,61,,466,1932,0.02,93,67,688,2,1049,0.44,0.66,11.28,237,0.19,0.23,501,4473,34,283,0.12,153.9,9.62,830,0.7721
00-0030663,BAL,2018,Willie Snead,WR,26,5,0,0,14,,,,,,,555,1,13,,528,2352,0,95,62,651,1,775,0.39,0.84,8.16,278,0.18,0.16,522,4760,38,330,0.12,134.4,9.6,821,0.6905
00-0028411,IND,2018,Dontrelle Inman,WR,29,5,0,0,8,,,,,,,643,,,,405,1726,,39,28,304,3,372,0.15,0.82,9.54,72,0.06,0.08,631,4726,16,332,0.05,76.4,9.55,371,0.3266
00-0032741,TBB,2018,Peyton Barber,RB,24,3,0,0,16,,,,,,,624,234,871,5,389,1525,0.6,29,20,92,1,64,0.08,1.44,2.21,70,0.05,0.01,620,6629,45,344,0.13,152.3,9.52,616,0.5525
00-0034370,DEN,2018,DaeSean Hamilton,WR,23,1,4,113,7,,,,,,,586,,,,393,1907,,45,30,243,2,374,0.18,0.65,8.31,63,0.08,0.09,596,4191,16,279,0.06,66.3,9.47,471,0.4385
00-0027981,MIN,2018,Kyle Rudolph,TE,29,8,2,43,16,,,,,,,606,,,,357,1493,,81,64,634,4,544,0.29,1.17,6.72,252,0.14,0.13,589,4305,32,284,0.11,151.4,9.46,925,0.8801
00-0032411,BAL,2018,Kenneth Dixon,RB,24,2,4,134,6,,,,,,,555,60,333,2,528,2352,0.11,7,6,51,,-6,0.02,-8.5,-0.86,54,0.01,0,522,4760,22,330,0.07,56.4,9.4,152,0.1278
00-0029000,DAL,2018,Cole Beasley,WR,29,7,0,0,16,,,,,,,526,,,,435,1938,,86,65,672,3,627,0.42,1.07,7.29,213,0.19,0.19,459,3251,39,255,0.15,150.2,9.39,712,0.6617
00-0027681,OAK,2018,Brandon LaFell,WR,32,9,3,78,4,,,,,,,556,,,,385,1576,,16,12,135,2,133,0.06,1.02,8.31,53,0.03,0.03,599,4209,9,305,0.03,37.5,9.38,233,0.2236
00-0030472,WAS,2018,Jordan Reed,TE,28,6,3,85,13,,,,,,,508,,,,415,1776,,84,54,558,2,580,0.35,0.96,6.9,231,0.17,0.14,497,4080,26,240,0.11,121.8,9.37,512,0.502
00-0032977,CLE,2018,Rashard Higgins,WR,24,3,5,172,13,,,,,,,571,,,,469,2082,,54,39,572,4,593,0.19,0.96,10.98,158,0.09,0.09,635,6312,27,297,0.09,120.2,9.25,483,0.4427
00-0031941,WAS,2018,Jamison Crowder,WR,25,4,4,105,9,,,,,,,508,4,30,,415,1776,0.01,50,29,388,2,454,0.23,0.85,9.08,211,0.1,0.11,497,4080,16,240,0.07,82.8,9.2,428,0.4196
00-0024389,TEN,2018,Delanie Walker,TE,34,13,6,175,1,,,,,,,432,,,,454,2023,,7,4,52,,47,0.03,1.11,6.71,24,0.02,0.01,428,3297,4,263,0.02,9.2,9.2,39,0.0396
00-0032160,LAC,2018,Tyrell Williams,WR,26,4,0,0,15,,,,,,,512,2,15,,398,1873,0.01,64,41,653,5,789,0.33,0.83,12.33,195,0.13,0.2,508,3961,31,313,0.1,137.8,9.19,761,0.7648
00-0030710,CHI,2018,Trey Burton,TE,27,5,0,0,16,,,,,,,510,,,,466,1932,,77,54,569,6,604,0.33,0.94,7.84,222,0.15,0.14,501,4473,30,283,0.11,146.9,9.18,860,0.8
00-0030404,WAS,2018,Chris Thompson,RB,28,6,5,154,10,,,,,,,508,43,178,,415,1776,0.1,55,41,268,1,61,0.18,4.39,1.11,232,0.11,0.01,497,4080,21,240,0.09,91.6,9.16,310,0.3039
00-0032063,SEA,2018,Mike Davis,RB,26,4,4,126,15,,,,,,,427,112,514,4,532,2542,0.21,42,34,214,1,6,0.16,35.67,0.14,242,0.1,0,400,3740,35,281,0.12,136.8,9.12,391,0.3658
00-0034258,CLE,2018,Derrick Willies,WR,24,1,0,0,1,,,,,,,571,,,,469,2082,,5,3,61,,18,0.01,3.39,3.6,54,0.01,0,635,6312,2,297,0.01,9.1,9.1,30,0.0275
00-0027029,BUF,2018,LeSean McCoy,RB,30,10,2,53,14,,,,,,,496,161,514,3,466,1984,0.35,46,34,238,,-49,0.14,-4.86,-1.07,288,0.1,-0.01,466,5247,32,217,0.15,127.2,9.09,490,0.4627
00-0033943,LAR,2018,Josh Reynolds,WR,23,2,4,117,11,,,,,,,565,2,8,,412,1913,0,53,29,402,5,657,0.25,0.61,12.4,129,0.1,0.14,536,4644,24,349,0.07,100,9.09,611,0.5555
00-0033466,BUF,2018,Isaiah McKenzie,WR,23,2,5,172,6,,,,,,,496,10,66,2,466,1984,0.02,30,18,179,,290,0.14,0.62,9.67,76,0.06,0.06,466,5247,14,217,0.06,54.5,9.08,222,0.2096
00-0027688,WAS,2018,Colt McCoy,QB,32,8,3,85,3,54,34,372,3,3,6.89,508,10,63,,415,1776,0.02,,,,,,,,,0,,,497,4080,4,240,0.02,27.18,9.06,100,0.098
00-0032782,PHI,2018,Wendell Smallwood,RB,24,3,5,153,13,,,,,,,598,87,364,3,398,1585,0.22,35,28,230,2,25,0.1,9.2,0.71,226,0.06,0.01,567,4051,31,309,0.1,117.4,9.03,324,0.2967
00-0031051,BAL,2018,John Brown,WR,28,5,3,91,16,,,,,,,555,3,4,,528,2352,0.01,97,42,717,5,1559,0.51,0.46,16.07,158,0.19,0.33,522,4760,28,330,0.08,144.1,9.01,757,0.6367
00-0030470,PIT,2018,Vance McDonald,TE,28,6,2,55,15,,,,,,,687,,,,345,1445,,73,50,610,4,377,0.21,1.62,5.16,387,0.11,0.07,676,5177,33,338,0.1,135,9,564,0.5054
00-0033885,CLE,2018,David Njoku,TE,22,2,1,29,16,,,,,,,571,,,,469,2082,,89,56,639,4,780,0.3,0.82,8.76,294,0.14,0.12,635,6312,27,297,0.09,143.9,8.99,871,0.7984
00-0033104,JAC,2018,Cody Kessler,QB,25,3,3,93,5,131,85,709,2,2,5.41,534,19,123,,357,1537,0.05,,,,,,,,,0,,,519,3611,9,248,0.04,44.66,8.93,263,0.2529
00-0028064,NYJ,2018,Bilal Powell,RB,30,8,4,126,7,,,,,,,524,80,343,,409,1610,0.2,18,11,110,1,90,0.07,1.22,5,90,0.04,0.02,509,4531,19,228,0.08,62.3,8.9,208,0.2078
00-0034159,SEA,2018,Will Dissly,TE,22,1,4,120,4,,,,,,,427,,,,532,2542,,14,8,156,2,141,0.08,1.11,10.07,93,0.04,0.04,400,3740,5,281,0.02,35.6,8.9,127,0.1188
00-0025418,CAR,2018,Greg Olsen,TE,33,12,1,31,9,,,,,,,562,,,,459,2435,,38,27,291,4,337,0.16,0.86,8.87,84,0.07,0.08,549,4219,18,344,0.05,80.1,8.9,429,0.4055
00-0031912,NOS,2018,Cameron Meredith,WR,26,3,0,0,3,,,,,,,519,,,,471,2025,,10,9,114,1,92,0.05,1.24,9.2,38,0.02,0.03,503,3149,4,322,0.01,26.4,8.8,126,0.1199
00-0032055,CAR,2018,Devin Funchess,WR,24,4,2,41,14,,,,,,,562,,,,459,2435,,79,44,549,4,1049,0.39,0.52,13.28,76,0.14,0.25,549,4219,35,344,0.1,122.9,8.78,622,0.5879
00-0034510,BUF,2018,Robert Foster,WR,24,1,0,0,11,,,,,,,496,,,,466,1984,,44,26,522,3,940,0.27,0.56,21.36,163,0.09,0.18,466,5247,20,217,0.09,96.2,8.75,450,0.4249
00-0031577,BAL,2018,Javorius Allen,RB,27,4,4,125,11,,,,,,,555,41,110,3,528,2352,0.08,43,35,197,2,72,0.13,2.74,1.67,176,0.08,0.02,522,4760,21,330,0.06,95.7,8.7,310,0.2607
00-0034343,ARI,2018,Josh Rosen,QB,21,1,1,10,14,393,217,2278,11,14,5.8,494,23,138,,353,1341,0.07,,,,,,,,,0,,,466,4310,8,212,0.04,120.92,8.64,781,0.8291
00-0034353,CHI,2018,Anthony Miller,WR,23,1,2,51,14,,,,,,,510,6,26,,466,1932,0.01,54,33,423,7,622,0.26,0.68,11.52,141,0.11,0.14,501,4473,19,283,0.07,119.9,8.56,576,0.5358
00-0030085,MIA,2018,Kenny Stills,WR,26,6,5,144,15,,,,,,,452,,,,371,1738,,64,37,553,6,1046,0.44,0.53,16.34,127,0.15,0.3,426,3490,27,224,0.12,128.3,8.55,744,0.8087
00-0034348,DEN,2018,Courtland Sutton,WR,22,1,2,40,16,,,,,,,586,1,-1,,393,1907,0,84,42,704,4,1176,0.41,0.6,14,174,0.14,0.28,596,4191,30,279,0.11,136.3,8.52,819,0.7626
00-0031326,HOU,2018,Bruce Ellington,WR,27,4,4,106,7,,,,,,,505,1,2,,472,2016,0,42,31,224,1,99,0.15,2.26,2.36,108,0.09,0.03,466,3945,9,275,0.03,59.6,8.51,121,0.1106
00-0031257,WAS,2018,Paul Richardson,WR,26,5,2,45,7,,,,,,,508,2,9,,415,1776,0,35,20,262,2,431,0.18,0.61,12.31,47,0.07,0.11,497,4080,12,240,0.05,59.1,8.44,368,0.3608
00-0030107,DET,2018,Theo Riddick,RB,27,6,6,199,14,,,,,,,572,40,171,,401,1626,0.1,75,61,384,,65,0.21,5.91,0.87,406,0.13,0.02,571,3847,24,263,0.09,116.5,8.32,415,0.386
00-0031339,JAC,2018,Donte Moncrief,WR,25,5,3,90,16,,,,,,,534,,,,357,1537,,90,48,668,3,1104,0.47,0.61,12.27,252,0.17,0.31,519,3611,28,248,0.11,132.8,8.3,815,0.7837
00-0026986,BAL,2018,Michael Crabtree,WR,31,10,1,10,16,,,,,,,555,,,,528,2352,,100,54,607,3,1104,0.45,0.55,11.04,122,0.19,0.23,522,4760,35,330,0.11,132.7,8.29,805,0.677
00-0034772,CLE,2018,Antonio Callaway,WR,21,1,4,105,16,,,,,,,571,2,7,,469,2082,0,81,43,586,5,1100,0.31,0.53,13.58,241,0.13,0.17,635,6312,28,297,0.09,132.3,8.27,765,0.7012
00-0031665,DET,2018,Zach Zenner,RB,27,4,0,0,7,,,,,,,572,55,265,3,401,1626,0.14,10,7,56,,6,0.03,9.33,0.6,59,0.02,0,571,3847,17,263,0.06,57.1,8.16,118,0.1098
00-0027696,GBP,2018,Jimmy Graham,TE,32,9,3,95,16,,,,,,,639,,,,346,1718,,91,55,636,2,862,0.33,0.74,9.47,261,0.14,0.16,628,5459,32,299,0.11,130.6,8.16,795,0.7402
00-0026035,MIA,2018,Danny Amendola,WR,33,10,0,0,15,,,,,,,452,1,-2,,371,1738,0,79,59,575,1,597,0.4,0.96,7.56,229,0.19,0.17,426,3490,27,224,0.12,122.3,8.15,683,0.7424
00-0034365,CAR,2018,Ian Thomas,TE,22,1,4,101,10,,,,,,,562,,,,459,2435,,49,36,333,2,289,0.18,1.15,5.9,158,0.09,0.07,549,4219,20,344,0.06,81.3,8.13,526,0.4972
00-0030513,MIN,2018,Latavius Murray,RB,28,5,6,181,16,,,,,,,606,140,578,6,357,1493,0.39,26,22,141,,29,0.07,4.86,1.12,115,0.04,0.01,589,4305,30,284,0.11,129.9,8.12,461,0.4386
00-0034766,NYJ,2018,Chris Herndon,TE,22,1,4,107,14,,,,,,,524,,,,409,1610,,56,39,502,4,603,0.26,0.83,10.77,166,0.11,0.13,509,4531,25,228,0.11,113.2,8.09,625,0.6244
00-0031023,NYJ,2018,Quincy Enunwa,WR,26,4,6,209,11,,,,,,,524,1,,,409,1610,0,69,38,449,1,456,0.27,0.98,6.61,272,0.14,0.1,509,4531,22,228,0.1,88.9,8.08,526,0.5255
00-0034115,SFO,2018,Jeff Wilson,RB,23,1,0,0,6,,,,,,,532,66,266,,422,1892,0.16,15,12,98,,11,0.05,8.91,0.73,89,0.03,0,510,3627,18,298,0.06,48.4,8.07,197,0.1864
00-0032257,CLE,2018,Duke Johnson,RB,25,4,3,77,16,,,,,,,571,40,201,,469,2082,0.09,62,47,429,3,213,0.17,2.01,3.44,337,0.1,0.03,635,6312,34,297,0.11,128,8,459,0.4207
00-0030456,CIN,2018,Giovani Bernard,RB,27,6,2,37,12,,,,,,,542,56,211,3,357,1676,0.16,48,35,218,,-2,0.14,-109,-0.04,222,0.09,0,530,4357,22,273,0.08,95.9,7.99,329,0.33
00-0034184,BAL,2018,Gus Edwards,RB,23,1,0,0,11,,,,,,,555,137,718,2,528,2352,0.26,2,2,20,,3,0.01,6.67,1.5,17,0,0,522,4760,38,330,0.12,87.8,7.98,286,0.2405
00-0030068,SFO,2018,Marquise Goodwin,WR,28,6,3,78,11,,,,,,,532,4,9,,422,1892,0.01,43,23,395,4,547,0.23,0.72,12.72,126,0.08,0.15,510,3627,19,298,0.06,87.4,7.95,437,0.4134
00-0029613,OAK,2018,Doug Martin,RB,29,7,1,31,16,,,,,,,556,172,723,4,385,1576,0.45,24,18,116,,21,0.06,5.52,0.88,94,0.04,0,599,4209,43,305,0.14,125.9,7.87,359,0.3445
00-0033589,SEA,2018,David Moore,WR,23,2,7,226,13,,,,,,,427,1,5,,532,2542,0,52,26,445,5,907,0.36,0.49,17.44,82,0.13,0.24,400,3740,19,281,0.07,101,7.77,620,0.58
00-0034765,NOS,2018,TreQuan Smith,WR,22,1,3,91,13,,,,,,,519,,,,471,2025,,44,28,427,5,496,0.24,0.86,11.27,116,0.09,0.16,503,3149,23,322,0.07,100.7,7.75,567,0.5395
00-0034440,LAC,2018,Justin Jackson,RB,23,1,7,251,8,,,,,,,512,50,206,2,398,1873,0.13,19,15,135,,-14,0.05,-9.64,-0.74,152,0.04,0,508,3961,19,313,0.06,61.1,7.64,149,0.1497
00-0032355,IND,2018,Chester Rogers,WR,24,3,0,0,15,,,,,,,643,1,-4,,405,1726,0,72,53,485,2,445,0.24,1.09,6.18,275,0.11,0.09,631,4726,28,332,0.08,113.1,7.54,593,0.522
00-0034378,ATL,2018,Ito Smith,RB,22,1,4,126,13,,,,,,,615,90,315,4,351,1573,0.26,32,27,152,,2,0.08,76,0.06,160,0.05,0,603,5322,27,322,0.08,97.7,7.52,311,0.2934
00-0029854,CAR,2018,CJ Anderson,RB,27,6,0,0,9,,,,,,,562,67,403,2,459,2435,0.15,9,5,41,1,-4,0.02,-10.25,-0.44,41,0.02,0,549,4219,19,344,0.06,67.4,7.49,54,0.051
00-0032208,NEP,2018,Phillip Dorsett,WR,25,4,1,29,11,,,,,,,572,4,29,,478,2037,0.01,42,32,290,3,417,0.21,0.7,9.93,100,0.09,0.12,487,3518,19,305,0.06,81.9,7.45,399,0.3566
00-0034272,GBP,2018,Marquez Valdes-Scantling,WR,23,1,5,174,15,,,,,,,639,2,29,,346,1718,0.01,72,38,581,2,888,0.29,0.65,12.33,210,0.11,0.16,628,5459,25,299,0.08,111,7.4,691,0.6434
00-0034838,DEN,2018,Royce Freeman,RB,22,1,3,71,14,,,,,,,586,130,521,5,393,1907,0.33,20,14,72,,15,0.05,4.8,0.75,59,0.03,0,596,4191,32,279,0.11,103.3,7.38,308,0.2868
00-0023500,MIA,2018,Frank Gore,RB,35,14,3,65,14,,,,,,,452,156,722,,371,1738,0.42,16,12,124,1,21,0.06,5.9,1.31,115,0.04,0.01,426,3490,33,224,0.15,102.6,7.33,330,0.3587
00-0026345,SFO,2018,Pierre Garcon,WR,32,11,6,205,8,,,,,,,532,,,,422,1892,,45,24,286,1,478,0.22,0.6,10.62,98,0.09,0.13,510,3627,14,298,0.05,58.6,7.33,380,0.3595
00-0032760,WAS,2018,Josh Doctson,WR,26,3,1,22,15,,,,,,,508,,,,415,1776,,79,44,532,2,1103,0.43,0.48,13.96,132,0.16,0.27,497,4080,31,240,0.13,109.2,7.28,846,0.8294
00-0026544,CHI,2018,Chase Daniel,QB,32,9,0,0,4,76,53,515,3,2,6.78,510,13,3,,466,1932,0.03,,,,,,,,,14,,,501,4473,2,283,0.01,28.9,7.23,148,0.1377
00-0031344,NYG,2018,Cody Latimer,WR,26,5,2,56,5,,,,,,,581,,,,350,1600,,16,11,190,1,318,0.09,0.6,19.88,23,0.03,0.07,574,4450,6,278,0.02,36,7.2,209,0.2035
00-0033725,PHI,2018,Corey Clement,RB,24,2,0,0,11,,,,,,,598,68,259,2,398,1585,0.17,25,22,192,,-31,0.06,-6.19,-1.24,264,0.04,-0.01,567,4051,25,309,0.08,79.1,7.19,238,0.2179
00-0030414,KCC,2018,Spencer Ware,RB,27,5,6,194,11,,,,,,,583,51,246,2,387,1855,0.13,23,20,224,,44,0.07,5.09,1.91,242,0.04,0.01,559,4977,23,346,0.07,79,7.18,247,0.2364
00-0033307,SFO,2018,Kendrick Bourne,WR,23,2,0,0,16,,,,,,,532,,,,422,1892,,66,42,487,4,541,0.3,0.9,8.2,147,0.13,0.15,510,3627,30,298,0.1,114.7,7.17,605,0.5724
00-0031045,CLE,2018,Carlos Hyde,RB,28,5,2,57,14,,,,,,,571,172,571,5,469,2082,0.37,17,10,33,,12,0.04,2.75,0.71,67,0.03,0,635,6312,7,297,0.02,100.4,7.17,237,0.2172
00-0033681,JAC,2018,Keelan Cole,WR,25,2,0,0,13,,,,,,,534,,,,357,1537,,70,38,491,1,662,0.33,0.74,9.46,136,0.13,0.18,519,3611,25,248,0.1,93.1,7.16,687,0.6606
00-0031166,OAK,2018,Seth Roberts,WR,27,4,0,0,15,,,,,,,556,3,5,,385,1576,0.01,65,45,494,2,572,0.26,0.86,8.8,211,0.11,0.14,599,4209,25,305,0.08,106.9,7.13,569,0.5461
00-0032227,DEN,2018,Jeff Heuerman,TE,26,3,3,92,10,,,,,,,586,,,,393,1907,,49,31,281,2,258,0.17,1.09,5.27,154,0.08,0.06,596,4191,14,279,0.05,71.1,7.11,555,0.5168
00-0028237,NEP,2018,Chris Hogan,WR,30,8,0,0,15,,,,,,,572,,,,478,2037,,53,35,532,3,647,0.29,0.82,12.21,178,0.11,0.18,487,3518,22,305,0.07,106.2,7.08,803,0.7176
00-0031285,ATL,2018,Devonta Freeman,RB,26,5,4,103,2,,,,,,,615,14,68,,351,1573,0.04,7,5,23,,1,0.02,23,0.14,20,0.01,0,603,5322,2,322,0.01,14.1,7.05,67,0.0632
00-0032141,DAL,2018,Geoff Swaim,TE,25,4,7,246,8,,,,,,,526,,,,435,1938,,32,26,242,1,139,0.13,1.74,4.34,164,0.07,0.04,459,3251,11,255,0.04,56.2,7.03,512,0.4758
00-0033948,GBP,2018,Jamaal Williams,RB,23,2,4,134,16,,,,,,,639,121,464,3,346,1718,0.35,41,27,210,,37,0.1,5.68,0.9,223,0.07,0.01,628,5459,36,299,0.12,112.4,7.03,522,0.486
00-0033911,TEN,2018,Taywan Taylor,WR,23,2,3,72,13,,,,,,,432,1,,,454,2023,0,56,37,466,1,757,0.36,0.62,13.52,161,0.13,0.23,428,3297,19,263,0.07,89.6,6.89,446,0.4523
00-0031102,WAS,2018,Kapri Bibbs,RB,25,4,0,0,9,,,,,,,508,21,103,3,415,1776,0.05,23,16,115,1,29,0.07,3.97,1.26,108,0.05,0.01,497,4080,0,240,0,61.8,6.87,160,0.1569
00-0031373,OAK,2018,Martavis Bryant,WR,27,4,4,118,7,,,,,,,556,3,23,,385,1576,0.01,27,19,266,,325,0.12,0.82,12.04,132,0.05,0.08,599,4209,11,305,0.04,47.9,6.84,220,0.2111
00-0034457,PHI,2018,Josh Adams,RB,22,1,0,0,12,,,,,,,598,120,511,3,398,1585,0.3,13,7,58,,-4,0.03,-14.5,-0.31,65,0.02,0,567,4051,26,309,0.08,81.9,6.83,252,0.2308
00-0031687,SFO,2018,Raheem Mostert,RB,26,4,0,0,6,,,,,,,532,34,261,1,422,1892,0.08,7,6,25,,-4,0.02,-6.25,-0.57,44,0.01,0,510,3627,14,298,0.05,40.6,6.77,90,0.0851
00-0034753,BAL,2018,Mark Andrews,TE,22,1,3,86,16,,,,,,,555,,,,528,2352,,50,34,552,3,556,0.23,0.99,11.12,195,0.1,0.12,522,4760,28,330,0.08,107.2,6.7,414,0.3482
,NYJ,2018,Terrelle Pryor,WR,29,8,3,1,8,,,,,,,524,1,-1,,409,1610,0,30,16,252,2,272,0.13,0.93,9.07,,0.06,0.06,509,4531,0,228,0,53.1,6.64,171,0.1708
00-0034487,ARI,2018,Trent Sherfield,WR,22,1,0,0,7,,,,,,,494,,,,353,1341,,28,19,210,1,287,0.14,0.73,10.25,38,0.06,0.07,466,4310,11,212,0.05,46,6.57,343,0.3641
00-0032134,CIN,2018,CJ Uzomah,TE,26,4,5,157,16,,,,,,,542,,,,357,1676,,66,43,439,3,426,0.26,1.03,6.45,202,0.12,0.1,530,4357,21,273,0.08,104.9,6.56,839,0.8415
00-0034317,NOS,2018,Keith Kirkwood,WR,25,1,0,0,7,,,,,,,519,,,,471,2025,,21,13,209,2,281,0.13,0.74,13.38,49,0.04,0.09,503,3149,10,322,0.03,45.9,6.56,225,0.2141
00-0028083,TBB,2018,Jacquizz Rodgers,RB,28,8,5,145,13,,,,,,,624,33,106,1,389,1525,0.08,45,38,304,,135,0.12,2.25,3,240,0.07,0.02,620,6629,20,344,0.06,85,6.54,367,0.3291
00-0033460,CIN,2018,John Ross,WR,24,2,1,9,13,,,,,,,542,4,9,,357,1676,0.01,58,21,210,7,804,0.29,0.26,13.86,77,0.11,0.18,530,4357,13,273,0.05,84.9,6.53,602,0.6038
00-0034509,BUF,2018,Keith Ford,RB,24,1,0,0,2,,,,,,,496,21,79,,466,1984,0.05,5,3,21,,-9,0.01,-2.33,-1.8,22,0.01,0,466,5247,5,217,0.02,13,6.5,71,0.067
00-0031782,PIT,2018,Eli Rogers,WR,26,3,0,0,3,,,,,,,687,1,-4,,345,1445,0,14,12,79,,62,0.04,1.27,4.43,40,0.02,0.01,676,5177,5,338,0.01,19.5,6.5,109,0.0977
00-0030288,NEP,2018,Rex Burkhead,RB,28,6,6,190,8,,,,,,,572,57,186,,478,2037,0.12,20,14,131,1,43,0.07,3.05,2.15,121,0.04,0.01,487,3518,15,305,0.05,51.7,6.46,151,0.1349
00-0034351,PHI,2018,Dallas Goedert,TE,23,1,2,49,14,,,,,,,598,,,,398,1585,,42,33,334,4,310,0.16,1.08,7.38,161,0.07,0.08,567,4051,15,309,0.05,90.4,6.46,523,0.4789
00-0034764,DAL,2018,Michael Gallup,WR,22,1,3,81,15,,,,,,,526,,,,435,1938,,68,33,507,2,957,0.43,0.53,14.07,173,0.15,0.29,459,3251,21,255,0.08,95.7,6.38,739,0.6868
00-0029141,SFO,2018,Alfred Morris,RB,30,7,6,173,11,,,,,,,532,111,428,2,422,1892,0.26,14,8,73,,-3,0.04,-24.33,-0.21,67,0.03,0,510,3627,29,298,0.1,70.1,6.37,250,0.2365
00-0032128,KCC,2018,Chris Conley,WR,26,4,3,76,15,,,,,,,583,,,,387,1855,,52,32,334,5,440,0.2,0.76,8.46,140,0.09,0.09,559,4977,18,346,0.05,95.4,6.36,802,0.7675
00-0031273,TBB,2018,Cameron Brate,TE,27,5,0,0,15,,,,,,,624,,,,389,1525,,49,30,289,6,418,0.16,0.69,8.53,51,0.08,0.06,620,6629,18,344,0.05,94.9,6.33,534,0.4789
00-0033658,DAL,2018,Blake Jarwin,TE,24,2,0,0,12,,,,,,,526,,,,435,1938,,36,27,307,3,295,0.18,1.04,8.19,110,0.08,0.09,459,3251,16,255,0.06,75.7,6.31,386,0.3587
00-0029239,MIA,2018,Brandon Bolden,RB,28,7,0,0,5,,,,,,,452,8,91,2,371,1738,0.02,3,3,13,1,-13,0.01,-1,-4.33,19,0.01,0,426,3490,5,224,0.02,31.4,6.28,25,0.0272
00-0033060,MIA,2018,Leonte Carroo,WR,24,3,3,86,3,,,,,,,452,1,14,,371,1738,0,4,2,94,1,105,0.04,0.9,26.25,36,0.01,0.03,426,3490,3,224,0.01,18.8,6.27,41,0.0446
00-0032054,CLE,2018,Breshad Perriman,WR,25,3,1,26,10,,,,,,,571,4,2,,469,2082,0.01,25,16,340,2,493,0.11,0.69,19.72,75,0.04,0.08,635,6312,13,297,0.04,62.2,6.22,218,0.1998
00-0033375,DEN,2018,Tim Patrick,WR,25,2,0,0,10,,,,,,,586,3,17,,393,1907,0.01,41,23,315,1,447,0.18,0.7,10.9,112,0.07,0.11,596,4191,17,279,0.06,62.2,6.22,393,0.3659
00-0022943,NOS,2018,Ben Watson,TE,38,14,1,32,14,,,,,,,519,,,,471,2025,,46,35,400,2,,,,,,0.09,,503,3149,0,322,0,87,6.21,507,0.4824
00-0030578,NEP,2018,Cordarrelle Patterson,WR,27,6,1,29,15,,,,,,,572,42,228,1,478,2037,0.09,28,21,247,3,186,0.12,1.33,6.64,145,0.06,0.05,487,3518,26,305,0.09,92.5,6.17,230,0.2055
00-0029159,NYJ,2018,Jermaine Kearse,WR,28,7,0,0,13,,,,,,,524,,,,409,1610,,76,37,371,1,738,0.34,0.5,9.71,135,0.15,0.16,509,4531,20,228,0.09,80.1,6.16,626,0.6254
00-0033858,TEN,2018,Jonnu Smith,TE,23,2,3,100,10,,,,,,,432,,,,454,2023,,30,19,246,3,165,0.14,1.49,5.5,191,0.07,0.05,428,3297,10,263,0.04,61.6,6.16,611,0.6197
00-0029572,CAR,2018,Jarius Wright,WR,29,7,4,118,16,,,,,,,562,2,39,,459,2435,0,60,43,447,1,379,0.23,1.18,6.32,198,0.11,0.09,549,4219,26,344,0.08,97.6,6.1,529,0.5
00-0034646,DET,2018,Brandon Powell,WR,22,1,0,0,4,,,,,,,572,1,4,,401,1626,0,17,11,129,,47,0.05,2.74,2.76,115,0.03,0.01,571,3847,6,263,0.02,24.3,6.08,99,0.0921
00-0031787,GBP,2018,Jake Kumerow,WR,26,4,0,0,4,,,,,,,639,,,,346,1718,,11,8,103,1,111,0.04,0.93,10.09,23,0.02,0.02,628,5459,4,299,0.01,24.3,6.08,136,0.1266
00-0031075,HOU,2018,Alfred Blue,RB,27,5,6,181,16,,,,,,,505,149,499,2,472,2016,0.32,27,20,154,,84,0.1,1.83,3.11,96,0.06,0.02,466,3945,29,275,0.11,97.3,6.08,461,0.4214
00-0033251,IND,2018,Zach Pascal,WR,24,2,0,0,11,,,,,,,643,2,10,,405,1726,0,45,27,268,2,470,0.18,0.57,10.44,71,0.07,0.1,631,4726,15,332,0.05,66.8,6.07,527,0.4639
00-0034747,OAK,2018,Marcell Ateman,WR,23,1,7,228,6,,,,,,,556,,,,385,1576,,31,15,154,1,353,0.14,0.44,11.39,31,0.05,0.08,599,4209,7,305,0.02,36.4,6.07,370,0.3551
00-0032200,GBP,2018,Ty Montgomery,RB,25,4,3,94,12,,,,,,,639,41,183,1,346,1718,0.12,40,25,234,,18,0.1,13,0.45,216,0.06,0,628,5459,6,299,0.02,72.7,6.06,150,0.1397
00-0030300,SEA,2018,Jaron Brown,WR,28,6,0,0,10,,,,,,,427,,,,532,2542,,20,14,166,5,271,0.13,0.61,13.55,46,0.05,0.07,400,3740,9,281,0.03,60.6,6.06,352,0.3293
00-0032791,MIA,2018,Jakeem Grant,WR,26,3,6,186,10,,,,,,,452,1,5,,371,1738,0,34,21,268,2,271,0.17,0.99,7.97,140,0.08,0.08,426,3490,13,224,0.06,60.3,6.03,282,0.3065
00-0032135,PIT,2018,Jesse James,TE,24,4,5,160,14,,,,,,,687,,,,345,1445,,39,30,423,2,317,0.13,1.33,8.13,185,0.06,0.06,676,5177,17,338,0.05,84.3,6.02,562,0.5036
00-0027531,BUF,2018,Chris Ivory,RB,30,9,0,0,13,,,,,,,496,115,385,1,466,1984,0.25,21,13,206,,19,0.07,10.84,0.9,168,0.05,0,466,5247,32,217,0.15,78.1,6.01,300,0.2833
00-0027996,CAR,2018,Torrey Smith,WR,29,8,2,58,8,,,,,,,562,,,,459,2435,,30,17,190,2,417,0.15,0.46,13.9,48,0.05,0.1,549,4219,12,344,0.03,48,6,324,0.3062
00-0033455,TEN,2018,Anthony Firkser,TE,23,1,0,0,8,,,,,,,432,,,,454,2023,,20,19,225,1,133,0.1,1.69,6.65,97,0.05,0.04,428,3297,12,263,0.05,47.5,5.94,180,0.1826
00-0028097,OAK,2018,Lee Smith,TE,31,8,5,159,6,,,,,,,556,,,,385,1576,,11,10,73,3,52,0.04,1.4,4.73,55,0.02,0.01,599,4209,5,305,0.02,35.3,5.88,283,0.2716
00-0034750,SEA,2018,Rashaad Penny,RB,22,1,1,27,12,,,,,,,427,85,419,2,532,2542,0.16,12,9,75,,7,0.05,10.71,0.58,73,0.03,0,400,3740,21,281,0.07,70.4,5.87,181,0.1693
00-0030147,NYG,2018,Russell Shepard,WR,28,6,0,0,7,,,,,,,581,,,,350,1600,,19,10,188,2,323,0.1,0.58,17,12,0.03,0.07,574,4450,7,278,0.03,40.8,5.83,183,0.1782
00-0030668,KCC,2018,Charcandrick West,RB,27,5,0,0,2,,,,,,,583,2,-1,,387,1855,0.01,3,2,37,1,16,0.01,2.31,5.33,25,0.01,0,559,4977,3,346,0.01,11.6,5.8,30,0.0287
00-0024221,WAS,2018,Vernon Davis,TE,34,13,1,6,13,,,,,,,508,,,,415,1776,,36,25,367,2,409,0.18,0.9,11.36,175,0.07,0.1,497,4080,16,240,0.07,73.7,5.67,447,0.4382
,PHI,2018,Kamar Aiken,WR,29,8,0,0,2,,,,,,,598,,,,398,1585,,7,6,53,,47,0.03,1.13,6.71,,0.01,0.01,567,4051,2,309,0.01,11.3,5.65,131,0.12
00-0030525,DAL,2018,Tavon Austin,WR,27,6,1,8,7,,,,,,,526,6,55,,435,1938,0.01,13,8,140,2,246,0.1,0.57,18.92,63,0.03,0.08,459,3251,7,255,0.03,39.5,5.64,,
00-0031299,PHI,2018,Jordan Matthews,WR,26,5,2,42,11,,,,,,,598,,,,398,1585,,28,20,300,2,282,0.12,1.06,10.07,96,0.05,0.07,567,4051,14,309,0.05,62,5.64,346,0.3168
00-0032972,DEN,2018,Devontae Booker,RB,26,3,4,136,16,,,,,,,586,34,183,1,393,1907,0.09,51,38,275,,78,0.14,3.53,1.53,241,0.09,0.02,596,4191,20,279,0.07,89.8,5.61,316,0.2942
,ARI,2018,Sam Bradford,QB,31,9,1,1,3,80,50,400,2,4,5,494,2,7,,353,1341,0.01,,,,,512,,,,,,0.12,466,4310,1,212,0,16.7,5.57,135,0.1433
00-0031763,PHI,2018,DeAndre Carter,WR,25,1,0,0,8,,,,,,,598,1,7,,398,1585,0,25,22,216,,79,0.08,2.73,3.16,150,0.04,0.02,567,4051,9,309,0.03,44.3,5.54,83,0.076
00-0031547,MIA,2018,DeVante Parker,WR,25,4,1,14,11,,,,,,,452,,,,371,1738,,47,24,309,1,595,0.28,0.52,12.66,122,0.11,0.17,426,3490,14,224,0.06,60.9,5.54,411,0.4467
00-0027325,DET,2018,LeGarrette Blount,RB,32,9,0,0,16,,,,,,,572,154,418,5,401,1626,0.38,15,10,67,,-19,0.04,-3.53,-1.27,87,0.03,0,571,3847,29,263,0.11,88.5,5.53,281,0.2614
00-0033564,DEN,2018,Jake Butt,TE,23,2,5,145,3,,,,,,,586,,,,393,1907,,13,8,85,,86,0.05,0.99,6.62,44,0.02,0.02,596,4191,4,279,0.01,16.5,5.5,97,0.0903
00-0032980,IND,2018,Marcus Johnson,WR,24,2,0,0,4,,,,,,,643,1,-2,,405,1726,0,8,6,102,1,110,0.04,0.93,13.75,28,0.01,0.02,631,4726,5,332,0.02,22,5.5,95,0.0836
00-0034273,CLE,2018,Damion Ratley,WR,23,1,6,175,5,,,,,,,571,,,,469,2082,,20,13,144,,201,0.07,0.72,10.05,51,0.03,0.03,635,6312,5,297,0.02,27.4,5.48,176,0.1613
00-0030520,ARI,2018,Mike Glennon,QB,29,6,3,73,2,21,15,174,1,,8.29,494,,,,353,1341,,,,,,,,,,0,,,466,4310,0,212,0,10.96,5.48,26,0.0276
00-0032362,WAS,2018,Maurice Harris,WR,26,3,0,0,11,,,,,,,508,2,10,,415,1776,0,47,28,304,,464,0.22,0.66,9.87,100,0.09,0.11,497,4080,13,240,0.05,59.4,5.4,462,0.4529
00-0034054,DEN,2018,River Cracraft,WR,24,1,0,0,1,,,,,,,586,,,,393,1907,,2,1,44,,68,0.02,0.65,34,7,0,0.02,596,4191,1,279,0,5.4,5.4,27,0.0251
00-0034301,KCC,2018,Darrel Williams,RB,23,1,0,0,3,,,,,,,583,13,44,,387,1855,0.03,3,3,27,1,-7,0.01,-3.86,-2.33,34,0.01,0,559,4977,4,346,0.01,16.1,5.37,65,0.0622
00-0032775,KCC,2018,Demarcus Robinson,WR,24,3,4,126,14,,,,,,,583,,,,387,1855,,33,22,288,4,346,0.14,0.83,10.48,116,0.06,0.07,559,4977,12,346,0.03,74.8,5.34,419,0.401
00-0031068,IND,2018,Ryan Grant,WR,28,5,5,142,14,,,,,,,643,,,,405,1726,,51,35,334,1,409,0.18,0.82,8.02,93,0.08,0.09,631,4726,18,332,0.05,74.4,5.31,560,0.493
00-0033559,DET,2018,Michael Roberts,TE,24,2,4,127,7,,,,,,,572,,,,401,1626,,20,9,100,3,127,0.08,0.79,6.35,23,0.04,0.03,571,3847,5,263,0.02,37,5.29,159,0.1479
00-0033896,CHI,2018,Adam Shaheen,TE,25,2,2,45,3,,,,,,,510,,,,466,1932,,6,5,48,1,59,0.03,0.81,9.83,13,0.01,0.01,501,4473,3,283,0.01,15.8,5.27,160,0.1488
00-0023645,BUF,2018,Derek Anderson,QB,35,12,6,213,2,70,42,465,,4,6.64,496,1,-1,,466,1984,0,,,,,,,,,0,,,466,5247,0,217,0,10.5,5.25,118,0.1114
00-0031418,JAC,2018,Austin Seferian-Jenkins,TE,26,5,2,38,5,,,,,,,534,,,,357,1537,,20,11,90,1,95,0.08,0.95,4.75,36,0.04,0.03,519,3611,6,248,0.02,26,5.2,221,0.2125
00-0033895,LAR,2018,Gerald Everett,TE,24,2,2,44,16,,,,,,,565,,,,412,1913,,51,33,320,3,305,0.19,1.05,5.98,149,0.1,0.07,536,4644,18,349,0.05,83,5.19,380,0.3455
00-0021206,NYJ,2018,Josh McCown,QB,39,17,3,81,4,110,60,539,1,4,4.9,524,5,32,,409,1610,0.01,,,,,,,,,0,,,509,4531,2,228,0.01,20.76,5.19,191,0.1908
,SEA,2018,Brandon Marshall,WR,34,13,4,119,6,,,,,,,427,,,,532,2542,,23,11,136,1,263,0.14,0.52,11.43,,0.06,0.07,400,3740,0,281,0,30.6,5.1,191,0.1787
,SFO,2018,Kyle Juszczyk,RB,27,6,4,130,14,,,,,,,532,8,30,,422,1892,0.02,40,30,324,1,,,,,,0.08,,510,3627,17,298,0.06,71.4,5.1,663,0.6272
00-0029738,CLE,2018,Darren Fells,TE,32,5,0,0,8,,,,,,,571,,,,469,2082,,12,11,117,3,57,0.03,2.05,4.75,72,0.02,0.01,635,6312,6,297,0.02,40.7,5.09,420,0.385
00-0032778,TEN,2018,Tajae Sharpe,WR,24,2,5,140,14,,,,,,,432,1,16,,454,2023,0,47,26,316,2,525,0.28,0.6,11.17,91,0.11,0.16,428,3297,23,263,0.09,71.2,5.09,591,0.5994
00-0034631,HOU,2018,Vyncint Smith,WR,22,1,0,0,4,,,,,,,505,,,,472,2016,,10,5,91,1,239,0.07,0.38,23.9,6,0.02,0.06,466,3945,3,275,0.01,20.1,5.03,179,0.1636
00-0028116,MIN,2018,Aldrick Robinson,WR,30,7,6,178,14,,,,,,,606,,,,357,1493,,35,17,231,5,605,0.19,0.38,17.29,43,0.06,0.14,589,4305,12,284,0.04,70.1,5.01,252,0.2398
00-0032707,DET,2018,Andy Jones,WR,24,2,0,0,5,,,,,,,572,,,,401,1626,,24,11,80,1,220,0.1,0.36,9.17,26,0.04,0.06,571,3847,6,263,0.02,25,5,256,0.2381
00-0030854,IND,2018,Erik Swoope,TE,26,3,0,0,7,,,,,,,643,,,,405,1726,,10,8,87,3,94,0.04,0.93,9.4,,0.02,0.02,631,4726,5,332,0.02,34.7,4.96,78,0.0687
00-0033611,ARI,2018,Ricky Seals-Jones,TE,23,2,0,0,15,,,,,,,494,,,,353,1341,,70,34,343,1,704,0.34,0.49,10.06,98,0.15,0.16,466,4310,14,212,0.07,74.3,4.95,536,0.569
00-0034279,GBP,2018,Equanimeous St Brown,WR,21,1,6,207,11,,,,,,,639,1,5,,346,1718,0,36,21,328,,480,0.15,0.68,13.33,120,0.06,0.09,628,5459,13,299,0.04,54.3,4.94,358,0.3333
00-0034400,IND,2018,Jordan Wilkins,RB,24,1,5,169,13,,,,,,,643,60,336,1,405,1726,0.15,17,16,85,,-25,0.04,-3.4,-1.47,105,0.03,-0.01,631,4726,17,332,0.05,64.1,4.93,198,0.1743
00-0032394,SEA,2018,Nick Vannett,TE,25,3,3,94,15,,,,,,,427,,,,532,2542,,43,29,269,3,251,0.21,1.07,5.84,157,0.11,0.07,400,3740,17,281,0.06,73.9,4.93,528,0.4939
00-0027675,SEA,2018,Ed Dickson,TE,31,9,3,70,9,,,,,,,427,,,,532,2542,,13,12,143,3,71,0.06,2.01,5.46,78,0.03,0.02,400,3740,8,281,0.03,44.3,4.92,364,0.3405
00-0031570,ATL,2018,Justin Hardy,WR,27,4,4,107,8,,,,,,,615,,,,351,1573,,22,14,133,2,157,0.08,0.85,7.14,65,0.04,0.03,603,5322,8,322,0.02,39.3,4.91,221,0.2085
00-0021547,LAC,2018,Antonio Gates,TE,38,16,0,0,15,,,,,,,512,,,,398,1873,,46,28,333,2,341,0.2,0.98,7.41,126,0.09,0.09,508,3961,19,313,0.06,73.3,4.89,364,0.3658
00-0034653,NYJ,2018,Deontay Burnett,WR,21,1,0,0,5,,,,,,,524,,,,409,1610,,15,10,143,,149,0.07,0.96,9.93,22,0.03,0.03,509,4531,7,228,0.03,24.3,4.86,128,0.1279
00-0030443,DET,2018,Levine Toilolo,TE,27,6,4,133,11,,,,,,,572,,,,401,1626,,24,21,263,1,165,0.09,1.59,6.88,110,0.04,0.04,571,3847,16,263,0.06,53.3,4.85,527,0.4902
00-0032951,MIN,2018,Laquon Treadwell,WR,23,3,1,23,15,,,,,,,606,,,,357,1493,,53,35,302,1,302,0.18,1,5.7,120,0.09,0.07,589,4305,16,284,0.06,71.2,4.75,543,0.5167
00-0030821,DAL,2018,Allen Hurns,WR,27,5,0,0,13,,,,,,,526,,,,435,1938,,36,20,295,2,452,0.21,0.65,12.56,78,0.08,0.14,459,3251,11,255,0.04,61.5,4.73,451,0.4191
00-0034011,NOS,2018,Dan Arnold,TE,23,1,0,0,7,,,,,,,519,,,,471,2025,,19,12,150,1,205,0.1,0.73,10.79,30,0.04,0.07,503,3149,9,322,0.03,33,4.71,141,0.1342
00-0034420,HOU,2018,Jordan Thomas,TE,22,1,6,211,14,,,,,,,505,,,,472,2016,,27,20,215,4,151,0.11,1.42,5.59,106,0.06,0.04,466,3945,12,275,0.04,65.5,4.68,470,0.4296
00-0034286,SFO,2018,Richie James,WR,23,1,7,240,6,,,,,,,532,,,,422,1892,,14,9,130,1,76,0.06,1.71,5.43,101,0.03,0.02,510,3627,4,298,0.01,28,4.67,192,0.1816
00-0033110,LAR,2018,Tyler Higbee,TE,25,3,4,110,14,,,,,,,565,,,,412,1913,,33,24,292,2,224,0.13,1.3,6.79,137,0.06,0.05,536,4644,16,349,0.05,65.2,4.66,788,0.7164
00-0030155,KCC,2018,Demetrius Harris,TE,27,5,0,0,10,,,,,,,583,,,,387,1855,,25,12,164,3,116,0.08,1.41,4.64,75,0.04,0.02,559,4977,9,346,0.03,46.4,4.64,371,0.355
,NEP,2018,Jacob Hollister,TE,25,2,0,0,2,,,,,,,572,,,,478,2037,,5,4,52,,,,,,,0.01,,487,3518,2,305,0.01,9.2,4.6,59,0.0527
00-0031609,MIA,2018,AJ Derby,TE,27,3,6,202,3,,,,,,,452,,,,371,1738,,5,3,48,1,44,0.03,1.09,8.8,9,0.01,0.01,426,3490,3,224,0.01,13.8,4.6,124,0.1348
00-0031359,BUF,2018,Kelvin Benjamin,WR,27,5,1,28,15,,,,,,,496,,,,466,1984,,67,25,380,1,1050,0.36,0.36,15.67,64,0.14,0.2,466,5247,1,217,0,69,4.6,511,0.4825
00-0032117,MIA,2018,Nick OLeary,TE,26,4,6,194,5,,,,,,,452,,,,371,1738,,10,8,86,1,61,0.05,1.41,6.1,65,0.02,0.02,426,3490,6,224,0.03,22.6,4.52,372,0.4043
00-0031610,OAK,2018,Darren Waller,TE,26,3,6,204,3,,,,,,,556,,,,385,1576,,6,6,75,,19,0.02,3.95,3.17,56,0.01,0,599,4209,5,305,0.02,13.5,4.5,42,0.0403
00-0033627,BUF,2018,Jason Croom,TE,24,1,0,0,12,,,,,,,496,,,,466,1984,,35,22,259,1,290,0.15,0.89,8.29,137,0.08,0.06,466,5247,10,217,0.05,53.9,4.49,387,0.3654
00-0029587,NYG,2018,Rhett Ellison,TE,30,7,4,128,13,,,,,,,581,,,,350,1600,,35,25,272,1,226,0.13,1.2,6.46,130,0.06,0.05,574,4450,13,278,0.05,58.2,4.48,557,0.5424
00-0034164,NYJ,2018,Trenton Cannon,RB,24,1,6,204,11,,,,,,,524,38,113,1,409,1610,0.09,25,17,144,,157,0.1,0.92,6.28,118,0.05,0.03,509,4531,11,228,0.05,48.7,4.43,185,0.1848
00-0033567,ATL,2018,Brian Hill,RB,23,2,5,156,4,,,,,,,615,20,157,,351,1573,0.06,2,1,9,,3,0.01,3,1.5,5,0,0,603,5322,5,322,0.02,17.6,4.4,66,0.0623
00-0031545,CHI,2018,Kevin White,WR,26,3,1,7,3,,,,,,,510,,,,466,1932,,8,4,92,,185,0.05,0.5,23.12,6,0.02,0.04,501,4473,3,283,0.01,13.2,4.4,170,0.1581
00-0031484,CAR,2018,Chris Manhertz,TE,26,3,0,0,3,,,,,,,562,,,,459,2435,,5,2,52,1,33,0.02,1.58,6.6,45,0.01,0.01,549,4219,1,344,0,13.2,4.4,344,0.3251
00-0031599,CAR,2018,Cameron Artis-Payne,RB,26,4,5,174,4,,,,,,,562,19,69,1,459,2435,0.04,4,3,15,,-5,0.01,-3,-1.25,15,0.01,0,549,4219,9,344,0.03,17.4,4.35,48,0.0454
00-0033562,PIT,2018,Ryan Switzer,WR,24,2,4,133,16,,,,,,,687,6,21,,345,1445,0.02,44,36,253,1,147,0.12,1.72,3.34,137,0.07,0.03,676,5177,15,338,0.04,69.4,4.34,302,0.2706
00-0028903,SFO,2018,Garrett Celek,TE,30,7,0,0,6,,,,,,,532,,,,422,1892,,8,5,90,2,90,0.04,1,11.25,43,0.02,0.02,510,3627,5,298,0.02,26,4.33,277,0.2621
00-0031959,BUF,2018,Marcus Murphy,RB,27,4,7,230,9,,,,,,,496,52,250,,466,1984,0.11,19,11,26,,58,0.07,0.45,3.05,49,0.04,0.01,466,5247,9,217,0.04,38.6,4.29,196,0.1851
00-0031744,DEN,2018,Matt LaCosse,TE,26,3,0,0,13,,,,,,,586,,,,393,1907,,37,24,250,1,203,0.13,1.23,5.49,148,0.06,0.05,596,4191,11,279,0.04,55,4.23,418,0.3892
00-0030108,HOU,2018,Ryan Griffin,TE,28,6,6,201,13,,,,,,,505,,,,472,2016,,43,24,305,,319,0.2,0.96,7.42,150,0.09,0.08,466,3945,15,275,0.05,54.5,4.19,743,0.6792
00-0030670,NYG,2018,Bennie Fowler,WR,27,4,0,0,10,,,,,,,581,,,,350,1600,,27,16,199,1,261,0.11,0.76,9.67,76,0.05,0.06,574,4450,12,278,0.04,41.9,4.19,369,0.3593
00-0031189,DET,2018,TJ Jones,WR,26,4,6,189,12,,,,,,,572,,,,401,1626,,26,19,190,2,268,0.12,0.71,10.31,36,0.05,0.07,571,3847,10,263,0.04,50,4.17,461,0.4288
00-0031060,KCC,2018,DeAnthony Thomas,WR,25,5,4,124,3,,,,,,,583,1,6,,387,1855,0,5,3,29,1,71,0.02,0.41,14.2,27,0.01,0.01,559,4977,3,346,0.01,12.5,4.17,35,0.0335
00-0027948,TEN,2018,Blaine Gabbert,QB,29,8,1,10,8,101,61,626,4,4,6.2,432,6,,,454,2023,0.01,,,,,,,,,0,,,428,3297,2,263,0.01,33.04,4.13,211,0.214
00-0033292,SFO,2018,Trent Taylor,WR,24,2,5,177,13,,,,,,,532,,,,422,1892,,40,26,215,1,254,0.17,0.85,6.35,102,0.08,0.07,510,3627,11,298,0.04,53.5,4.12,321,0.3037
00-0033933,ARI,2018,Chad Williams,WR,24,2,3,98,10,,,,,,,494,1,9,,353,1341,0,46,17,171,1,567,0.24,0.3,12.33,18,0.1,0.13,466,4310,9,212,0.04,41,4.1,430,0.4565
00-0031301,NEP,2018,Jeremy Hill,RB,26,5,2,55,1,,,,,,,572,4,25,,478,2037,0.01,1,1,6,,1,0,6,1,5,0,0,487,3518,1,305,0,4.1,4.1,12,0.0107
,JAC,2018,David Grinnage,TE,24,1,0,0,3,,,,,,,534,,,,357,1537,,8,6,61,,63,0.04,0.97,7.88,,0.02,0.02,519,3611,2,248,0.01,12.1,4.03,74,0.0712
00-0031558,BAL,2018,Maxx Williams,TE,24,4,2,55,9,,,,,,,555,,,,528,2352,,17,16,143,1,53,0.06,2.7,3.12,97,0.03,0.01,522,4760,9,330,0.03,36.3,4.03,374,0.3146
00-0034808,LAR,2018,John Kelly,RB,21,1,6,176,3,,,,,,,565,27,74,,412,1913,0.07,3,2,27,,-6,0.01,-4.5,-2,27,0.01,0,536,4644,7,349,0.02,12.1,4.03,50,0.0455
00-0032881,NOS,2018,Tommylee Lewis,WR,26,3,0,0,4,,,,,,,519,2,10,,471,2025,0,3,3,60,1,59,0.02,1.02,19.67,1,0.01,0.02,503,3149,3,322,0.01,16,4,70,0.0666
00-0034799,MIA,2018,Kalen Ballage,RB,22,1,4,131,10,,,,,,,452,36,191,1,371,1738,0.1,11,9,56,,-15,0.04,-3.73,-1.36,76,0.03,0,426,3490,12,224,0.05,39.7,3.97,92,0.1
,JAC,2018,Niles Paul,TE,29,8,5,155,5,,,,,,,534,,,,357,1537,,13,10,98,,95,0.06,1.03,7.31,,0.03,0.03,519,3611,5,248,0.02,19.8,3.96,103,0.099
00-0034309,MIN,2018,Chad Beebe,WR,24,1,0,0,2,,,,,,,606,,,,357,1493,,4,4,39,,51,0.02,0.76,12.75,12,0.01,0.01,589,4305,3,284,0.01,7.9,3.95,46,0.0438
00-0034681,ARI,2018,Chase Edmonds,RB,22,1,4,134,16,,,,,,,494,60,208,2,353,1341,0.17,23,20,103,,5,0.07,20.6,0.22,121,0.05,0,466,4310,19,212,0.09,63.1,3.94,198,0.2102
00-0031731,JAC,2018,Corey Grant,RB,27,4,0,0,5,,,,,,,534,13,40,,357,1537,0.04,12,9,67,,-3,0.03,-22.33,-0.25,83,0.02,0,519,3611,6,248,0.02,19.7,3.94,65,0.0625
00-0034830,BAL,2018,Hayden Hurst,TE,25,1,1,25,9,,,,,,,555,,,,528,2352,,23,13,163,1,165,0.09,0.99,7.17,74,0.04,0.03,522,4760,8,330,0.02,35.3,3.92,275,0.2313
,PHI,2018,Joshua Perkins,TE,25,2,0,0,3,,,,,,,598,,,,398,1585,,11,5,67,,,,,,,0.02,,567,4051,0,309,0,11.7,3.9,95,0.087
00-0032450,NOS,2018,Dwayne Washington,RB,24,3,7,236,4,,,,,,,519,27,154,,471,2025,0.06,,,,,,,,,0,,,503,3149,7,322,0.02,15.4,3.85,46,0.0438
00-0031806,LAR,2018,Malcolm Brown,RB,25,4,0,0,10,,,,,,,565,43,212,,412,1913,0.1,7,5,52,1,18,0.02,2.89,2.57,39,0.01,0,536,4644,12,349,0.03,37.4,3.74,123,0.1118
00-0031598,BAL,2018,Nick Boyle,TE,25,4,5,171,12,,,,,,,555,,,,528,2352,,37,23,213,,125,0.12,1.7,3.38,135,0.07,0.03,522,4760,10,330,0.03,44.3,3.69,651,0.5475
00-0030216,NOS,2018,Josh Hill,TE,28,6,0,0,11,,,,,,,519,,,,471,2025,,24,16,185,1,73,0.09,2.53,3.04,170,0.05,0.02,503,3149,11,322,0.03,40.5,3.68,653,0.6213
,CLE,2018,Seth Devalve,TE,25,3,4,138,5,,,,,,,571,,,,469,2082,,7,5,74,1,87,0.03,0.85,12.43,,0.01,0.01,635,6312,3,297,0.01,18.4,3.68,98,0.0898
00-0034676,PIT,2018,James Washington,WR,22,1,2,60,12,,,,,,,687,,,,345,1445,,38,16,217,1,629,0.17,0.34,16.55,64,0.06,0.12,676,5177,10,338,0.03,43.7,3.64,526,0.4713
00-0028042,TEN,2018,Luke Stocker,TE,30,8,4,104,12,,,,,,,432,,,,454,2023,,21,15,165,2,180,0.11,0.92,8.57,64,0.05,0.05,428,3297,10,263,0.04,43.5,3.63,480,0.4868
00-0031585,TEN,2018,MyCole Pruitt,TE,26,3,5,143,7,,,,,,,432,,,,454,2023,,11,9,102,1,102,0.06,1,9.27,28,0.03,0.03,428,3297,6,263,0.02,25.2,3.6,192,0.1947
00-0034426,CHI,2018,Javon Wims,WR,23,1,7,224,2,,,,,,,510,,,,466,1932,,5,4,32,,34,0.02,0.94,6.8,2,0.01,0.01,501,4473,2,283,0.01,7.2,3.6,30,0.0279
00-0030516,DAL,2018,Brice Butler,WR,28,6,7,209,5,,,,,,,526,,,,435,1938,,10,6,60,1,68,0.05,0.88,6.8,-23,0.02,0.02,459,3251,4,255,0.02,18,3.6,3,0.0028
00-0033217,IND,2018,Mo Alie-Cox,TE,25,2,0,0,9,,,,,,,643,,,,405,1726,,14,7,133,2,155,0.06,0.86,11.07,50,0.02,0.03,631,4726,6,332,0.02,32.3,3.59,242,0.213
00-0033950,NYG,2018,Wayne Gallman,RB,24,2,4,140,13,,,,,,,581,51,176,1,350,1600,0.15,22,14,89,,29,0.06,3.07,1.32,81,0.04,0.01,574,4450,12,278,0.04,46.5,3.58,155,0.1509
00-0028112,BUF,2018,Charles Clay,TE,29,8,6,174,11,,,,,,,496,,,,466,1984,,36,21,184,,313,0.16,0.59,8.69,71,0.08,0.06,466,5247,11,217,0.05,39.4,3.58,504,0.4759
00-0030780,IND,2018,Ryan Hewitt,TE,27,5,0,0,2,,,,,,,643,,,,405,1726,,2,1,1,1,6,0.01,0.17,3,0,0,0,631,4726,1,332,0,7.1,3.55,182,0.1602
00-0028142,LAC,2018,Virgil Green,TE,30,8,7,204,13,,,,,,,512,,,,398,1873,,27,19,210,1,151,0.11,1.39,5.59,110,0.05,0.04,508,3961,10,313,0.03,46,3.54,674,0.6774
00-0032543,CIN,2018,Alex Erickson,WR,26,3,0,0,11,,,,,,,542,3,22,,357,1676,0.01,29,20,167,,292,0.13,0.57,10.07,98,0.05,0.07,530,4357,8,273,0.03,38.9,3.54,364,0.3651
00-0033757,GBP,2018,Robert Tonyan,TE,24,1,0,0,5,,,,,,,639,,,,346,1718,,6,4,77,1,83,0.02,0.93,13.83,10,0.01,0.02,628,5459,3,299,0.01,17.7,3.54,67,0.0624
00-0032795,CIN,2018,Cody Core,WR,24,2,6,199,10,,,,,,,542,,,,357,1676,,28,13,160,1,329,0.13,0.49,11.75,36,0.05,0.08,530,4357,7,273,0.03,35,3.5,310,0.3109
00-0031951,JAC,2018,James OShaughnessy,TE,26,4,5,173,13,,,,,,,534,,,,357,1537,,38,24,214,,263,0.16,0.81,6.92,139,0.07,0.07,519,3611,10,248,0.04,45.4,3.49,533,0.5125
00-0034816,TBB,2018,Ronald Jones,RB,21,1,2,38,6,,,,,,,624,23,44,1,389,1525,0.06,9,7,33,,-14,0.02,-2.36,-1.56,42,0.01,0,620,6629,4,344,0.01,20.7,3.45,90,0.0807
00-0027215,ATL,2018,Logan Paulsen,TE,31,8,0,0,7,,,,,,,615,,,,351,1573,,9,9,91,1,33,0.03,2.76,3.67,58,0.01,0.01,603,5322,6,322,0.02,24.1,3.44,362,0.3415
00-0033382,NOS,2018,Austin Carr,WR,25,2,0,0,9,,,,,,,519,,,,471,2025,,14,9,97,2,141,0.07,0.69,10.07,22,0.03,0.04,503,3149,5,322,0.02,30.7,3.41,274,0.2607
00-0027139,ARI,2018,John Phillips,TE,31,9,6,208,2,,,,,,,494,,,,353,1341,,3,3,38,,30,0.01,1.27,10,8,0.01,0.01,466,4310,1,212,0,6.8,3.4,130,0.138
00-0033696,LAC,2018,Sean Culkin,TE,25,2,0,0,1,,,,,,,512,,,,398,1873,,1,1,24,,24,0.01,1,24,0,0,0.01,508,3961,1,313,0,3.4,3.4,191,0.192
00-0029269,LAC,2018,Travis Benjamin,WR,29,7,4,100,12,,,,,,,512,7,41,,398,1873,0.02,24,12,186,1,526,0.16,0.35,21.92,77,0.05,0.13,508,3961,11,313,0.04,40.7,3.39,278,0.2794
00-0034383,DAL,2018,Dalton Schultz,TE,22,1,4,137,7,,,,,,,526,,,,435,1938,,17,12,116,,70,0.07,1.66,4.12,66,0.04,0.02,459,3251,6,255,0.02,23.6,3.37,300,0.2788
00-0031167,NYG,2018,Scott Simonson,TE,26,4,0,0,7,,,,,,,581,,,,350,1600,,14,9,86,1,66,0.05,1.3,4.71,31,0.02,0.01,574,4450,6,278,0.02,23.6,3.37,288,0.2804
,NEP,2018,James Develin,RB,30,7,0,0,13,,,,,,,572,6,8,4,478,2037,0.01,18,12,61,,,,,,,0.04,,487,3518,8,305,0.03,42.9,3.3,398,0.3557
,SEA,2018,Tyrone Swoopes,TE,24,2,0,0,1,,,,,,,427,,,,532,2542,,1,1,23,,8,0.01,2.88,8,,0,0,400,3740,1,281,0,3.3,3.3,27,0.0253
00-0029119,OAK,2018,Derek Carrier,TE,28,7,0,0,6,,,,,,,556,,,,385,1576,,12,7,67,1,105,0.05,0.64,8.75,16,0.02,0.02,599,4209,3,305,0.01,19.7,3.28,232,0.2226
00-0034253,CLE,2018,Dontrell Hilliard,RB,23,1,0,0,6,,,,,,,571,,,,469,2082,,10,9,105,,31,0.03,3.39,3.1,90,0.02,0,635,6312,4,297,0.01,19.5,3.25,58,0.0532
00-0027691,NYJ,2018,Andre Roberts,WR,30,8,3,88,8,,,,,,,524,2,20,,409,1610,0,18,10,79,1,150,0.08,0.53,8.33,17,0.04,0.03,509,4531,5,228,0.02,25.9,3.24,195,0.1948
00-0027985,GBP,2018,Lance Kendricks,TE,30,8,2,47,13,,,,,,,639,,,,346,1718,,26,19,170,1,140,0.08,1.21,5.38,112,0.04,0.03,628,5459,9,299,0.03,42,3.23,314,0.2924
00-0029205,CAR,2018,Travaris Cadet,RB,29,7,0,0,1,,,,,,,562,11,17,,459,2435,0.02,1,1,5,,1,0,5,1,4,0,0,549,4219,0,344,0,3.2,3.2,24,0.0227
,BUF,2018,Nathan Peterman,QB,24,2,5,171,4,81,44,297,1,7,3.67,496,10,49,1,466,1984,0.02,,,,,545,,,,,,0.1,466,5247,0,217,0,12.78,3.2,148,0.1398
00-0034270,MIN,2018,Tyler Conklin,TE,23,1,5,157,4,,,,,,,606,,,,357,1493,,7,5,77,,59,0.03,1.31,8.43,31,0.01,0.01,589,4305,3,284,0.01,12.7,3.18,146,0.1389
00-0034777,JAC,2018,DJ Chark,WR,21,1,2,61,10,,,,,,,534,,,,357,1537,,32,14,174,,283,0.15,0.61,8.84,45,0.06,0.08,519,3611,6,248,0.02,31.4,3.14,291,0.2798
00-0032398,BAL,2018,Chris Moore,WR,25,3,4,107,15,,,,,,,555,5,17,,528,2352,0.01,25,19,196,1,310,0.12,0.63,12.4,65,0.05,0.07,522,4760,9,330,0.03,46.3,3.09,467,0.3928
00-0033434,TBB,2018,Bobo Wilson,WR,23,2,0,0,3,,,,,,,624,,,,389,1525,,5,4,52,,53,0.02,0.98,10.6,20,0.01,0.01,620,6629,2,344,0.01,9.2,3.07,,
00-0034364,HOU,2018,Jordan Akins,TE,26,1,3,98,13,,,,,,,505,,,,472,2016,,25,17,225,,151,0.11,1.49,6.04,123,0.05,0.04,466,3945,11,275,0.04,39.5,3.04,388,0.3547
00-0033528,WAS,2018,Jeremy Sprinkle,TE,24,2,5,154,5,,,,,,,508,,,,415,1776,,9,5,41,1,58,0.04,0.71,6.44,21,0.02,0.01,497,4080,3,240,0.01,15.1,3.02,363,0.3559
00-0034829,MIA,2018,Mike Gesicki,TE,22,1,2,42,14,,,,,,,452,,,,371,1738,,32,22,202,,278,0.17,0.73,8.69,100,0.08,0.08,426,3490,9,224,0.04,42.2,3.01,400,0.4348
00-0028074,KCC,2018,Anthony Sherman,RB,30,8,5,136,8,,,,,,,583,1,2,,387,1855,0,9,8,96,1,44,0.03,2.18,4.89,56,0.02,0.01,559,4977,6,346,0.02,23.8,2.98,98,0.0938
00-0033373,CHI,2018,Taquan Mizzell,RB,25,2,0,0,8,,,,,,,510,9,16,,466,1932,0.02,10,8,78,1,50,0.04,1.56,5,34,0.02,0.01,501,4473,4,283,0.01,23.4,2.93,70,0.0651
00-0034565,LAC,2018,Detrez Newsome,RB,24,1,0,0,3,,,,,,,512,11,49,,398,1873,0.03,2,2,19,,,,,,19,0,,508,3961,5,313,0.02,8.8,2.93,29,0.0291
00-0028263,BUF,2018,Andre Holmes,WR,30,7,0,0,11,,,,,,,496,,,,466,1984,,25,14,181,,301,0.12,0.6,12.04,50,0.05,0.06,466,5247,1,217,0,32.1,2.92,278,0.2625
00-0033573,PHI,2018,Shelton Gibson,WR,23,2,5,166,2,,,,,,,598,,,,398,1585,,3,1,48,,100,0.03,0.48,33.33,0,0.01,0.02,567,4051,1,309,0,5.8,2.9,64,0.0586
,DEN,2018,Andy Janovich,RB,25,3,6,176,9,,,,,,,586,2,5,,393,1907,0.01,10,8,112,1,,,,,,0.02,,596,4191,7,279,0.03,25.7,2.86,239,0.2225
00-0031800,CAR,2018,Taylor Heinicke,QB,25,2,0,0,5,57,35,320,1,3,5.61,562,5,31,,459,2435,0.01,,,,,,,,,0,,,549,4219,2,344,0.01,13.9,2.78,92,0.087
00-0029388,DAL,2018,Deonte Thompson,WR,29,7,0,0,12,,,,,,,526,,,,435,1938,,30,17,161,,188,0.14,0.86,6.27,42,0.07,0.06,459,3251,3,255,0.01,33.1,2.76,170,0.158
00-0034652,TEN,2018,Cameron Batson,WR,23,1,0,0,6,,,,,,,432,1,1,,454,2023,0,11,8,82,,75,0.05,1.09,6.82,54,0.03,0.02,428,3297,6,263,0.02,16.3,2.72,178,0.1805
,BUF,2018,Jeremy Kerley,WR,30,8,5,153,1,,,,,,,496,,,,466,1984,,4,2,7,,15,0.01,0.47,3.75,,0.01,0,466,5247,0,217,0,2.7,2.7,44,0.0415
00-0032120,NYJ,2018,Neal Sterling,TE,30,4,7,220,4,,,,,,,524,,,,409,1610,,8,6,47,,31,0.03,1.52,3.88,29,0.02,0.01,509,4531,2,228,0.01,10.7,2.68,129,0.1289
00-0034499,NYG,2018,Jawill Davis,WR,23,1,0,0,3,,,,,,,581,,,,350,1600,,8,4,40,,127,0.04,0.31,15.88,4,0.01,0.03,574,4450,3,278,0.01,8,2.67,62,0.0604
00-0031972,TEN,2018,Darius Jennings,WR,26,4,0,0,8,,,,,,,432,1,2,,454,2023,0,15,11,101,,163,0.09,0.62,10.87,37,0.04,0.05,428,3297,2,263,0.01,21.3,2.66,179,0.1815
00-0029638,WAS,2018,Michael Floyd,WR,29,7,1,13,10,,,,,,,508,,,,415,1776,,24,10,100,1,326,0.13,0.31,13.58,29,0.05,0.08,497,4080,5,240,0.02,26,2.6,345,0.3382
00-0031900,DAL,2018,Rod Smith,RB,26,4,0,0,13,,,,,,,526,44,127,1,435,1938,0.1,12,9,60,,-5,0.04,-12,-0.42,57,0.03,0,459,3251,11,255,0.04,33.7,2.59,150,0.1394
00-0031569,ATL,2018,Jeremy Langford,RB,27,3,4,106,1,,,,,,,615,9,25,,351,1573,0.03,,,,,,,,,0,,,603,5322,1,322,0,2.5,2.5,16,0.0151
00-0033357,NOS,2018,Taysom Hill,QB,28,2,0,0,13,7,3,64,,1,9.14,519,37,196,2,471,2025,0.08,1,1,,,,,,,5,0,,503,3149,15,322,0.05,32.16,2.47,182,0.1732
00-0034411,ATL,2018,Russell Gage,WR,22,1,6,194,5,,,,,,,615,,,,351,1573,,10,6,63,,105,0.04,0.6,10.5,19,0.02,0.02,603,5322,2,322,0.01,12.3,2.46,60,0.0566
00-0031260,BUF,2018,Logan Thomas,TE,27,3,4,120,8,,,,,,,496,,,,466,1984,,17,12,77,,146,0.07,0.53,8.59,34,0.04,0.03,466,5247,3,217,0.01,19.7,2.46,284,0.2682
00-0033899,GBP,2018,DeShone Kizer,QB,22,2,2,52,3,42,20,187,,2,4.45,639,5,39,,346,1718,0.01,,,,,,,,,0,,,628,5459,3,299,0.01,7.38,2.46,62,0.0577
00-0032393,SEA,2018,CJ Prosise,RB,24,3,3,90,2,,,,,,,427,1,-3,,532,2542,0,3,3,22,,5,0.01,4.4,1.67,17,0.01,0,400,3740,0,281,0,4.9,2.45,30,0.0281
00-0029319,CHI,2018,Josh Bellamy,WR,29,7,0,0,13,,,,,,,510,,,,466,1932,,26,14,117,1,294,0.12,0.4,11.31,46,0.05,0.07,501,4473,8,283,0.03,31.7,2.44,321,0.2986
00-0033953,NYJ,2018,Jordan Leggett,TE,23,2,5,150,13,,,,,,,524,,,,409,1610,,25,14,114,1,159,0.1,0.72,6.36,49,0.05,0.04,509,4531,6,228,0.03,31.4,2.42,326,0.3257
,BAL,2018,Tim White,WR,24,1,0,0,1,,,,,,,555,,,,528,2352,,1,1,14,,14,0,1,14,,0,0,522,4760,1,330,0,2.4,2.4,2,0.0017
00-0032170,JAC,2018,Rashad Greene,WR,26,3,5,139,5,,,,,,,534,,,,357,1537,,8,6,60,,60,0.03,1,7.5,15,0.02,0.02,519,3611,3,248,0.01,12,2.4,107,0.1029
,WAS,2018,Brian Quick,WR,29,7,2,33,2,,,,,,,508,,,,415,1776,,3,3,18,,17,0.01,1.06,5.67,,0.01,0,497,4080,2,240,0.01,4.8,2.4,81,0.0794
00-0033094,ATL,2018,Marvin Hall,WR,25,2,0,0,13,,,,,,,615,2,,,351,1573,0.01,19,10,149,1,208,0.07,0.72,10.95,57,0.03,0.04,603,5322,5,322,0.02,30.9,2.38,185,0.1745
00-0032792,PHI,2018,Nate Sudfeld,QB,25,3,6,187,2,2,1,22,1,,11,598,2,-2,,398,1585,0.01,,,,,,,,,0,,,567,4051,0,309,0,4.68,2.34,11,0.0101
00-0027873,ARI,2018,Jermaine Gresham,TE,30,9,1,21,8,,,,,,,494,,,,353,1341,,12,9,94,,24,0.04,3.92,2,75,0.03,0.01,466,4310,6,212,0.03,18.4,2.3,417,0.4427
00-0029931,NOS,2018,Zach Line,RB,28,6,0,0,10,,,,,,,519,9,41,,471,2025,0.02,10,5,14,2,,,,,,0.02,,503,3149,8,322,0.02,22.5,2.25,226,0.215
00-0034489,ARI,2018,Jalen Tolliver,WR,23,1,0,0,3,,,,,,,494,,,,353,1341,,6,3,37,,83,0.03,0.45,13.83,14,0.01,0.02,466,4310,3,212,0.01,6.7,2.23,77,0.0817
00-0030089,DET,2018,Luke Willson,TE,28,6,5,158,10,,,,,,,572,,,,401,1626,,19,13,87,,71,0.06,1.23,3.74,58,0.03,0.02,571,3847,5,263,0.02,21.7,2.17,424,0.3944
00-0032966,NYG,2018,Corey Coleman,WR,24,3,1,15,6,,,,,,,581,1,5,,350,1600,0,8,5,71,,100,0.04,0.71,12.5,8,0.01,0.02,574,4450,5,278,0.02,12.6,2.1,132,0.1285
00-0032062,JAC,2018,Blake Bell,TE,27,4,4,117,7,,,,,,,534,,,,357,1537,,11,8,67,,58,0.04,1.16,5.27,38,0.02,0.02,519,3611,3,248,0.01,14.7,2.1,221,0.2125
00-0028011,PIT,2018,Stevan Ridley,RB,29,8,3,73,9,,,,,,,687,29,80,1,345,1445,0.08,4,3,18,,9,0.01,2,2.25,12,0.01,0,676,5177,4,338,0.01,18.8,2.09,61,0.0547
00-0031035,PIT,2018,Xavier Grimble,TE,26,3,0,0,7,,,,,,,687,,,,345,1445,,8,6,86,,56,0.03,1.54,7,56,0.01,0.01,676,5177,4,338,0.01,14.6,2.09,174,0.1559
00-0034679,CIN,2018,Mark Walton,RB,21,1,4,112,6,,,,,,,542,14,34,,357,1676,0.04,8,5,41,,-8,0.02,-5.12,-1,48,0.02,0,530,4357,6,273,0.02,12.5,2.08,93,0.0933
00-0033591,DAL,2018,Noah Brown,WR,22,2,7,239,5,,,,,,,526,,,,435,1938,,8,5,54,,75,0.04,0.72,9.38,20,0.02,0.02,459,3251,2,255,0.01,10.4,2.08,102,0.0948
00-0034201,BAL,2018,DeLance Turner,RB,23,1,0,0,2,,,,,,,555,1,4,,528,2352,0,2,2,17,,3,0.01,5.67,1.5,14,0,0,522,4760,0,330,0,4.1,2.05,9,0.0076
00-0032918,MIN,2018,CJ Ham,RB,25,2,0,0,10,,,,,,,606,6,8,,357,1493,0.02,15,11,85,,,,,,,0.03,,589,4305,5,284,0.02,20.3,2.03,139,0.1323
00-0028581,BUF,2018,Patrick DiMarco,RB,29,7,0,0,5,,,,,,,496,1,9,,466,1984,0,4,3,62,,27,0.02,2.3,6.75,35,0.01,0.01,466,5247,3,217,0.01,10.1,2.02,168,0.1586
00-0034867,SEA,2018,Malik Turner,WR,22,1,0,0,2,,,,,,,427,,,,532,2542,,3,2,20,,11,0.01,1.82,3.67,14,0.01,0,400,3740,1,281,0,4,2,42,0.0393
00-0033306,SFO,2018,Victor Bolden,WR,23,2,0,0,1,,,,,,,532,,,,422,1892,,4,1,10,,47,0.02,0.21,11.75,1,0.01,0.01,510,3627,0,298,0,2,2,65,0.0615
00-0032964,WAS,2018,Byron Marshall,RB,24,3,0,0,4,,,,,,,508,3,9,,415,1776,0.01,6,4,30,,10,0.02,3,1.67,28,0.01,0,497,4080,1,240,0,7.9,1.98,47,0.0461
00-0033421,TBB,2018,Antony Auclair,TE,25,2,0,0,6,,,,,,,624,,,,389,1525,,8,7,48,,40,0.02,1.2,5,8,0.01,0.01,620,6629,1,344,0,11.8,1.97,338,0.3031
00-0033576,ATL,2018,Eric Saubert,TE,24,2,5,174,5,,,,,,,615,,,,351,1573,,9,5,48,,48,0.03,1,5.33,13,0.01,0.01,603,5322,2,322,0.01,9.8,1.96,178,0.1679
00-0034532,CIN,2018,Jordan Franks,TE,22,1,0,0,3,,,,,,,542,,,,357,1676,,3,2,37,,46,0.02,0.8,15.33,14,0.01,0.01,530,4357,1,273,0,5.7,1.9,17,0.0171
00-0033581,NYJ,2018,DeAngelo Henderson,RB,26,2,6,203,1,,,,,,,524,2,19,,409,1610,0,,,,,,,,,0,,,509,4531,0,228,0,1.9,1.9,3,0.003
00-0030542,DAL,2018,Terrance Williams,WR,29,6,3,74,2,,,,,,,526,,,,435,1938,,3,2,18,,27,0.02,0.67,9,6,0.01,0.01,459,3251,1,255,0,3.8,1.9,38,0.0353
00-0031690,NYJ,2018,Eric Tomlinson,TE,26,3,0,0,8,,,,,,,524,,,,409,1610,,14,8,72,,85,0.05,0.85,6.07,89,0.03,0.02,509,4531,3,228,0.01,15.2,1.9,353,0.3526
,BUF,2018,Cam Phillips,WR,23,1,0,0,1,,,,,,,496,,,,466,1984,,1,1,9,,13,0,0.69,13,,0,0,466,5247,0,217,0,1.9,1.9,27,0.0255
,CAR,2018,Alex Armah,RB,24,2,6,192,8,,,,,,,562,9,15,2,459,2435,0.02,1,1,5,,,,,,,0,,549,4219,3,344,0.01,15,1.88,115,0.1087
00-0034686,CIN,2018,Auden Tate,WR,21,1,7,253,4,,,,,,,542,,,,357,1676,,12,4,35,,136,0.06,0.26,11.33,7,0.02,0.03,530,4357,2,273,0.01,7.5,1.88,77,0.0772
00-0034798,MIA,2018,Durham Smythe,TE,22,1,4,123,6,,,,,,,452,,,,371,1738,,11,6,50,,47,0.05,1.06,4.27,7,0.03,0.01,426,3490,2,224,0.01,11,1.83,176,0.1913
00-0031237,NOS,2018,Teddy Bridgewater,QB,26,4,1,32,4,23,14,118,1,1,5.13,519,11,5,,471,2025,0.02,,,,,,,,,0,,,503,3149,1,322,0,7.22,1.81,71,0.0676
00-0033441,OAK,2018,Keon Hatcher,WR,24,1,0,0,1,,,,,,,556,,,,385,1576,,2,1,8,,14,0.01,0.57,7,8,0,0,599,4209,0,305,0,1.8,1.8,6,0.0058
00-0034710,WAS,2018,Darvin Kidsy,WR,23,1,0,0,1,,,,,,,508,,,,415,1776,,2,1,8,,18,0.01,0.44,9,2,0,0,497,4080,1,240,0,1.8,1.8,13,0.0127
00-0031788,CIN,2018,Matt Lengel,TE,28,2,0,0,6,,,,,,,542,,,,357,1676,,8,3,17,1,40,0.03,0.42,5,7,0.02,0.01,530,4357,2,273,0.01,10.7,1.78,131,0.1314
00-0024243,GBP,2018,Marcedes Lewis,TE,34,13,1,28,4,,,,,,,639,,,,346,1718,,4,3,39,,5,0.01,7.8,1.25,31,0.01,0,628,5459,1,299,0,6.9,1.73,190,0.1769
00-0032430,MIN,2018,David Morgan,TE,25,3,6,188,5,,,,,,,606,,,,357,1493,,6,5,36,,9,0.02,4,1.5,27,0.01,0,589,4305,2,284,0.01,8.6,1.72,231,0.2198
00-0032813,NYG,2018,Elijhaa Penny,RB,25,2,0,0,9,,,,,,,581,7,25,,350,1600,0.02,9,8,50,,2,0.02,25,0.22,51,0.02,0,574,4450,3,278,0.01,15.5,1.72,123,0.1198
00-0034521,GBP,2018,Allen Lazard,WR,23,1,0,0,1,,,,,,,639,,,,346,1718,,1,1,7,,7,0,1,7,0,0,0,628,5459,0,299,0,1.7,1.7,1,0.0009
,JAC,2018,Jamaal Charles,RB,32,11,3,73,2,,,,,,,534,6,7,,357,1537,0.02,3,2,7,,4,0.01,1.75,1.33,,0.01,0,519,3611,0,248,0,3.4,1.7,20,0.0192
00-0031384,PHI,2018,Richard Rodgers,TE,26,5,3,98,1,,,,,,,598,,,,398,1585,,1,1,7,,-2,0,-3.5,-2,9,0,0,567,4051,1,309,0,1.7,1.7,42,0.0385
00-0034073,SFO,2018,Ross Dwelley,TE,23,1,0,0,2,,,,,,,532,,,,422,1892,,2,2,14,,13,0.01,1.08,6.5,1,0,0,510,3627,0,298,0,3.4,1.7,39,0.0369
00-0033526,WAS,2018,Samaje Perine,RB,23,2,4,114,4,,,,,,,508,8,32,,415,1776,0.02,4,3,5,,-9,0.01,-0.56,-2.25,9,0.01,0,497,4080,2,240,0.01,6.7,1.68,30,0.0294
00-0032940,OAK,2018,DeAndre Washington,RB,25,3,5,143,8,,,,,,,556,30,115,,385,1576,0.08,1,1,9,,2,0,4.5,2,7,0,0,599,4209,8,305,0.03,13.4,1.68,70,0.0672
00-0034052,MIN,2018,Brandon Zylstra,WR,25,3,0,0,2,,,,,,,606,,,,357,1493,,2,1,23,,43,0.01,0.53,21.5,8,0,0.01,589,4305,1,284,0,3.3,1.65,17,0.0162
00-0030741,PIT,2018,Roosevelt Nix,RB,26,4,0,0,5,,,,,,,687,1,4,,345,1445,0,6,4,38,,,,,,,0.01,,676,5177,2,338,0.01,8.2,1.64,110,0.0986
00-0032404,HOU,2018,Tyler Ervin,RB,25,3,4,119,4,,,,,,,505,,,,472,2016,,4,3,35,,25,0.02,1.4,6.25,,0.01,0.01,466,3945,0,275,0,6.5,1.63,77,0.0704
,CHI,2018,Michael Burton,RB,26,4,5,168,1,,,,,,,510,,,,466,1932,,1,1,6,,,,,,,0,,501,4473,1,283,0,1.6,1.6,49,0.0456
00-0033474,KCC,2018,Gehrig Dieter,WR,25,2,0,0,2,,,,,,,583,,,,387,1855,,3,1,22,,54,0.02,0.41,18,13,0.01,0.01,559,4977,1,346,0,3.2,1.6,32,0.0306
00-0031395,CAR,2018,Garrett Gilbert,QB,27,2,6,214,1,3,2,40,,,13.33,562,,,,459,2435,,,,,,,,,,0,,,549,4219,0,344,0,1.6,1.6,13,0.0123
00-0033049,DAL,2018,Darius Jackson,RB,25,3,6,216,1,,,,,,,526,6,16,,435,1938,0.01,1,,,,-1,0,,-1,0,0,0,459,3251,0,255,0,1.6,1.6,18,0.0167
00-0028114,OAK,2018,Dwayne Harris,WR,31,7,6,176,7,,,,,,,556,2,12,,385,1576,0.01,6,6,40,,-7,0.01,-5.71,-1.17,47,0.01,0,599,4209,2,305,0.01,11.2,1.6,54,0.0518
,DET,2018,Hakeem Valles,TE,26,3,0,0,2,,,,,,,572,,,,401,1626,,3,2,11,,25,0.01,0.44,8.33,,0.01,0.01,571,3847,0,263,0,3.1,1.55,29,0.027
00-0030433,NOS,2018,Mike Gillislee,RB,28,6,5,164,4,,,,,,,519,16,43,,471,2025,0.03,1,1,9,,,,,,,0,,503,3149,2,322,0.01,6.2,1.55,25,0.0238
00-0032214,CIN,2018,Tyler Kroft,TE,26,4,3,85,5,,,,,,,542,,,,357,1676,,6,4,36,,43,0.02,0.84,7.17,17,0.01,0.01,530,4357,4,273,0.01,7.6,1.52,117,0.1174
00-0032959,NYJ,2018,Charone Peake,WR,26,3,7,241,3,,,,,,,524,,,,409,1610,,3,2,25,,40,0.02,0.62,13.33,4,0.01,0.01,509,4531,2,228,0.01,4.5,1.5,89,0.0889
00-0033246,LAR,2018,Johnny Mundt,TE,24,2,0,0,1,,,,,,,565,,,,412,1913,,1,1,5,,,,,,5,0,,536,4644,0,349,0,1.5,1.5,40,0.0364
,BUF,2018,Khari Lee,TE,26,4,0,0,1,,,,,,,496,,,,466,1984,,1,1,5,,-1,0,-5,-1,,0,0,466,5247,0,217,0,1.5,1.5,46,0.0434
00-0032112,ARI,2018,JJ Nelson,WR,26,4,5,159,9,,,,,,,494,4,,,353,1341,0.01,19,7,64,,358,0.12,0.18,18.84,24,0.04,0.08,466,4310,4,212,0.02,13.4,1.49,213,0.2261
00-0029580,TEN,2018,Rishard Matthews,WR,29,7,7,227,5,,,,,,,432,,,,454,2023,,9,5,24,,20,0.04,1.2,2.22,5,0.02,0.01,428,3297,1,263,0,7.4,1.48,95,0.0963
00-0032104,DET,2018,Ameer Abdullah,RB,25,4,2,54,4,,,,,,,572,1,1,,401,1626,0,4,3,28,,-1,0.01,-28,-0.25,28,0.01,0,571,3847,0,263,0,5.9,1.48,11,0.0102
00-0026197,KCC,2018,Chad Henne,QB,33,10,2,57,1,3,2,29,,,9.67,583,1,3,,387,1855,0,,,,,,,,,5,,,559,4977,0,346,0,1.46,1.46,13,0.0124
00-0030422,CHI,2018,Dion Sims,TE,27,6,4,106,2,,,,,,,510,,,,466,1932,,4,2,9,,36,0.02,0.25,9,9,0.01,0.01,501,4473,0,283,0,2.9,1.45,195,0.1814
00-0032661,CHI,2018,Ben Braunecker,TE,24,2,0,0,5,,,,,,,510,,,,466,1932,,5,3,42,,88,0.03,0.48,17.6,4,0.01,0.02,501,4473,2,283,0.01,7.2,1.44,119,0.1107
,JAC,2018,Tommy Bohanon,RB,28,5,7,215,7,,,,,,,534,1,,,357,1537,0,9,6,41,,,,,,,0.02,,519,3611,1,248,0,10.1,1.44,161,0.1548
00-0029689,NEP,2018,Dwayne Allen,TE,28,7,3,64,4,,,,,,,572,,,,478,2037,,4,3,27,,32,0.02,0.84,8,28,0.01,0.01,487,3518,2,305,0.01,5.7,1.43,365,0.3262
00-0034221,MIN,2018,Roc Thomas,RB,23,1,0,0,5,,,,,,,606,8,30,,357,1493,0.02,4,2,21,,8,0.01,2.62,2,,0.01,0,589,4305,2,284,0.01,7.1,1.42,29,0.0276
00-0030465,NEP,2018,Kenjon Barner,RB,29,6,6,182,6,,,,,,,572,19,71,,478,2037,0.04,1,1,3,,,,,,0,0,,487,3518,0,305,0,8.4,1.4,42,0.0375
00-0032089,DEN,2018,Brian Parker,TE,26,4,0,0,6,,,,,,,586,,,,393,1907,,10,5,33,,43,0.03,0.77,4.3,29,0.02,0.01,596,4191,2,279,0.01,8.3,1.38,146,0.1359
00-0033374,ATL,2018,Ricky Ortiz,RB,24,1,0,0,3,,,,,,,615,,,,351,1573,,4,3,11,,,,,,,0.01,,603,5322,0,322,0,4.1,1.37,139,0.1311
00-0034407,BUF,2018,Ray-Ray McCloud,WR,21,1,6,187,7,,,,,,,496,2,4,,466,1984,0,6,5,36,,13,0.02,2.77,2.17,28,0.01,0,466,5247,2,217,0.01,9,1.29,121,0.1143
00-0030521,PIT,2018,Justin Hunter,WR,27,6,2,34,4,,,,,,,687,,,,345,1445,,13,3,21,,235,0.06,0.09,18.08,2,0.02,0.05,676,5177,2,338,0.01,5.1,1.28,123,0.1102
00-0034621,TBB,2018,Shaun Wilson,RB,23,1,0,0,5,,,,,,,624,6,29,,389,1525,0.02,5,3,5,,35,0.02,0.14,7,5,0.01,0.01,620,6629,0,344,0,6.4,1.28,22,0.0197
00-0033054,DAL,2018,Rico Gathers,TE,24,3,6,217,6,,,,,,,526,,,,435,1938,,7,3,45,,70,0.04,0.64,10,27,0.02,0.02,459,3251,2,255,0.01,7.5,1.25,146,0.1357
00-0034854,LAR,2018,KhaDarel Hodge,WR,23,1,0,0,3,,,,,,,565,,,,412,1913,,3,2,17,,24,0.01,0.71,8,0,0.01,0.01,536,4644,1,349,0,3.7,1.23,85,0.0773
,TEN,2018,Nick Williams,WR,28,6,7,223,3,,,,,,,432,,,,454,2023,,4,2,17,,18,0.02,0.94,4.5,,0.01,0.01,428,3297,1,263,0,3.7,1.23,49,0.0497
00-0032794,GBP,2018,Dan Vitale,RB,25,3,6,197,1,,,,,,,639,,,,346,1718,,2,1,2,,,,,,,0,,628,5459,0,299,0,1.2,1.2,19,0.0177
00-0034101,WAS,2018,Matt Flanagan,TE,23,1,0,0,2,,,,,,,508,,,,415,1776,,2,1,14,,21,0.01,0.67,10.5,7,0,0.01,497,4080,1,240,0,2.4,1.2,61,0.0598
00-0034427,JAC,2018,David Williams,RB,24,1,7,226,3,,,,,,,534,8,36,,357,1537,0.02,,,,,,,,,0,,,519,3611,3,248,0.01,3.6,1.2,20,0.0192
00-0034268,GBP,2018,JMon Moore,WR,23,1,4,133,3,,,,,,,639,,,,346,1718,,3,2,15,,19,0.01,0.79,6.33,6,0,0,628,5459,1,299,0,3.5,1.17,74,0.0689
,SEA,2018,Tre Madden,RB,25,2,0,0,5,,,,,,,427,3,3,,532,2542,0.01,3,2,35,,,,,,,0.01,,400,3740,2,281,0.01,5.8,1.16,86,0.0804
00-0029273,IND,2018,Robert Turbin,RB,29,7,4,106,2,,,,,,,643,4,10,,405,1726,0.01,2,1,3,,-6,0,-0.5,-3,,0,0,631,4726,0,332,0,2.3,1.15,22,0.0194
00-0034208,MIN,2018,Mike Boone,RB,23,1,0,0,6,,,,,,,606,11,47,,357,1493,0.03,3,2,1,,-2,0.01,-0.5,-0.67,5,0.01,0,589,4305,2,284,0.01,6.8,1.13,36,0.0343
00-0032166,HOU,2018,Sammie Coates,WR,25,4,3,87,2,,,,,,,505,,,,472,2016,,2,1,12,,9,0.01,1.33,4.5,,0,0,466,3945,1,275,0,2.2,1.1,37,0.0338
00-0029414,CLE,2018,Orson Charles,TE,27,5,4,116,5,,,,,,,571,,,,469,2082,,5,3,23,,17,0.01,1.35,3.4,24,0.01,0,635,6312,0,297,0,5.3,1.06,173,0.1586
00-0033760,LAR,2018,Justin Davis,RB,23,2,0,0,2,,,,,,,565,2,19,,412,1913,0,,,,,,,,,0,,,536,4644,1,349,0,1.9,0.95,5,0.0045
00-0031868,CAR,2018,Damiere Byrd,WR,25,3,0,0,2,,,,,,,562,,,,459,2435,,2,1,8,,25,0.01,0.32,12.5,1,0,0.01,549,4219,1,344,0,1.8,0.9,44,0.0416
00-0030432,IND,2018,Christine Michael,RB,28,5,2,62,1,,,,,,,643,2,9,,405,1726,0,,,,,,,,,,,,631,4726,0,332,0,0.9,0.9,3,0.0026
00-0033481,KCC,2018,Marcus Kemp,WR,23,2,0,0,2,,,,,,,583,,,,387,1855,,2,1,7,,4,0.01,1.75,2,8,0,0,559,4977,0,346,0,1.7,0.85,36,0.0344
00-0029492,DAL,2018,Jamize Olawale,RB,29,7,0,0,4,,,,,,,526,,,,435,1938,,4,2,13,,1,0.01,13,0.25,13,0.01,0,459,3251,1,255,0,3.3,0.83,114,0.1059
00-0023662,DET,2018,Matt Cassel,QB,36,14,7,230,2,17,7,59,,1,3.47,572,2,13,,401,1626,0,,,,,,,,,0,,,571,3847,1,263,0,1.66,0.83,23,0.0214
00-0030711,TEN,2018,David Fluellen,RB,26,2,0,0,2,,,,,,,432,4,16,,454,2023,0.01,,,,,,,,,0,,,428,3297,1,263,0,1.6,0.8,6,0.0061
,ARI,2018,Derrick Coleman,RB,28,6,0,0,5,,,,,,,494,2,3,,353,1341,0.01,3,2,17,,,,,,,0.01,,466,4310,1,212,0,4,0.8,74,0.0786
00-0029795,CHI,2018,Benny Cunningham,RB,28,6,0,0,5,,,,,,,510,11,20,,466,1932,0.02,2,1,9,,-12,0,-0.75,-6,13,0,0,501,4473,1,283,0,3.9,0.78,37,0.0344
00-0033859,CIN,2018,Josh Malone,WR,22,2,4,128,3,,,,,,,542,,,,357,1676,,5,1,12,,40,0.02,0.3,8,0,0.01,0.01,530,4357,1,273,0,2.2,0.73,68,0.0682
00-0032745,TBB,2018,Alan Cross,TE,25,3,0,0,4,,,,,,,624,,,,389,1525,,5,2,9,,12,0.01,0.75,2.4,7,0.01,0,620,6629,1,344,0,2.9,0.73,102,0.0915
,LAC,2018,Derek Watt,RB,26,3,6,198,4,,,,,,,512,4,11,,398,1873,0.01,1,1,2,,,,,,,0,,508,3961,1,313,0,2.3,0.58,146,0.1467
00-0026153,NYG,2018,Jonathan Stewart,RB,31,11,1,13,3,,,,,,,581,6,17,,350,1600,0.02,,,,,,,,,0,,,574,4450,0,278,0,1.7,0.57,17,0.0166
00-0034386,TBB,2018,Justin Watson,WR,23,1,5,144,3,,,,,,,624,,,,389,1525,,3,1,5,,15,0.01,0.33,5,0,0,0,620,6629,0,344,0,1.5,0.5,73,0.0655
,JAC,2018,Brandon Wilds,RB,25,2,0,0,3,,,,,,,534,6,15,,357,1537,0.02,,,,,43,,,,,,0.01,519,3611,0,248,0,1.5,0.5,9,0.0087
,LAC,2018,JJ Jones,RB,26,1,0,0,3,,,,,,,512,1,,,398,1873,0,1,1,3,,2,0,1.5,2,,0,0,508,3961,0,313,0,1.3,0.43,2,0.002
00-0033464,WAS,2018,Jehu Chesson,WR,25,2,4,139,3,,,,,,,508,1,-4,,415,1776,0,2,1,7,,22,0.01,0.32,11,0,0,0.01,497,4080,1,240,0,1.3,0.43,7,0.0069
00-0029665,BAL,2018,Robert Griffin,QB,28,6,1,2,2,6,2,21,,,3.5,555,,,,528,2352,,,,,,,,,,0,,,522,4760,0,330,0,0.84,0.42,21,0.0177
00-0032371,WAS,2018,Rob Kelley,RB,26,3,0,0,2,,,,,,,508,4,8,,415,1776,0.01,,,,,,,,,0,,,497,4080,1,240,0,0.8,0.4,9,0.0088
00-0033955,IND,2018,Jeremy McNichols,RB,23,2,5,162,1,,,,,,,643,2,4,,405,1726,0,,,,,,,,,0,,,631,4726,0,332,0,0.4,0.4,2,0.0018
00-0022787,ATL,2018,Matt Schaub,QB,37,15,3,90,2,7,5,20,,,2.86,615,1,,,351,1573,0,,,,,,,,,0,,,603,5322,0,322,0,0.8,0.4,12,0.0113
00-0026983,PIT,2018,Darrius Heyward-Bey,WR,31,10,1,7,3,,,,,,,687,1,-7,,345,1445,0,2,1,9,,25,0.01,0.36,12.5,10,0,0,676,5177,0,338,0,1.2,0.4,76,0.0681
00-0032975,NOS,2018,Jonathan Williams,RB,24,2,5,156,3,,,,,,,519,3,,,471,2025,0.01,1,1,1,,1,0,1,1,0,0,0,503,3149,0,322,0,1.1,0.37,18,0.0171
00-0032602,SEA,2018,JD McKissic,RB,25,3,0,0,3,,,,,,,427,3,8,,532,2542,0.01,1,,,,7,0.01,,7,0,0,0,400,3740,0,281,0,0.8,0.27,9,0.0084
00-0033949,PIT,2018,Joshua Dobbs,QB,23,2,4,135,5,12,6,43,,1,3.58,687,4,11,,345,1445,0.01,,,,,,,,,0,,,676,5177,2,338,0.01,0.82,0.16,30,0.0269
00-0026898,WAS,2018,Mark Sanchez,QB,32,8,1,5,2,35,19,138,,3,3.94,508,1,8,,415,1776,0,,,,,,,,,0,,,497,4080,1,240,0,0.32,0.16,65,0.0637
00-0030565,LAC,2018,Geno Smith,QB,28,6,2,39,4,4,1,8,,,2,512,8,2,,398,1873,0.02,,,,,,,,,0,,,508,3961,0,313,0,0.52,0.13,32,0.0322
00-0031288,OAK,2018,AJ McCarron,QB,28,4,5,164,2,3,1,8,,,2.67,556,3,-2,,385,1576,0.01,,,,,,,,,0,,,599,4209,0,305,0,0.12,0.06,12,0.0115
00-0032245,LAR,2018,Sean Mannion,QB,26,4,3,89,3,3,2,23,,,7.67,565,7,-9,,412,1913,0.02,,,,,,,,,0,,,536,4644,1,349,0,0.02,0.01,36,0.0327
00-0026901,PHI,2018,Mike Wallace,WR,32,10,3,84,1,,,,,,,598,,,,398,1585,,3,,,,109,0.03,,36.33,0,0.01,0.03,567,4051,0,309,0,0,0,73,0.0668
00-0028063,BUF,2018,Taiwan Jones,RB,30,8,4,125,2,,,,,,,496,,,,466,1984,,2,,,,30,0.01,,15,0,0,0.01,466,5247,0,217,0,0,0,2,0.0019
00-0031462,DET,2018,Jerome Cunningham,TE,27,5,0,0,1,,,,,,,572,,,,401,1626,,1,,,,3,0,,3,0,0,0,571,3847,0,263,0,0,0,53,0.0493
00-0033111,LAR,2018,Pharoh Cooper,WR,23,3,4,117,1,,,,,,,565,,,,412,1913,,1,,,,,,,,0,0,,536,4644,0,349,0,0,0,6,0.0055
00-0027796,HOU,2018,Joe Webb,QB,32,9,6,199,1,,,,,,,505,,,,472,2016,,,,,,,,,,6,,,466,3945,0,275,0,0,0,35,0.032
,OAK,2018,Johnny Holton,WR,27,3,0,0,1,,,,,,,556,,,,385,1576,,1,,,,45,0.01,,45,,0,0.01,599,4209,0,305,0,0,0,5,0.0048
00-0033258,SEA,2018,Darrell Daniels,TE,24,2,0,0,2,,,,,,,427,,,,532,2542,,2,,,,72,0.02,,36,0,0,0.02,400,3740,0,281,0,0,0,70,0.0655
,MIN,2018,Stacy Coley,WR,24,2,0,0,1,,,,,,,606,,,,357,1493,,1,,,,9,0,,9,,0,0,589,4305,0,284,0,0,0,19,0.0181
00-0032562,SFO,2018,Cole Wick,TE,25,2,0,0,1,,,,,,,532,,,,422,1892,,1,,,,1,0,,1,0,0,0,510,3627,0,298,0,0,0,11,0.0104
00-0034593,DET,2018,Chris Lacy,WR,22,1,0,0,1,,,,,,,572,,,,401,1626,,1,,,,9,0,,9,0,0,0,571,3847,0,263,0,0,0,35,0.0326
00-0033471,MIA,2018,Isaiah Ford,WR,22,2,7,237,1,,,,,,,452,,,,371,1738,,1,,,,6,0,,6,0,0,0,426,3490,0,224,0,0,0,13,0.0141
,TBB,2018,Freddie Martino,WR,27,5,0,0,1,,,,,,,624,,,,389,1525,,1,,,,,,,,,0,,620,6629,0,344,0,0,0,24,0.0215
00-0031953,LAC,2018,Geremy Davis,WR,26,4,0,0,1,,,,,,,512,,,,398,1873,,1,,,,,,,,0,0,,508,3961,0,313,0,0,0,74,0.0744
,NYG,2018,Kaelin Clay,WR,26,3,6,184,1,,,,,,,581,,,,350,1600,,,,,,,,,,,,,574,4450,0,278,0,0,0,0,0
00-0033266,LAR,2018,JoJo Natson,WR,24,2,0,0,1,,,,,,,565,,,,412,1913,,,,,,,,,,0,,,536,4644,0,349,0,0,0,0,0
,NEP,2018,Riley McCarron,WR,25,2,0,0,1,,,,,,,572,,,,478,2037,,1,,,,27,0.01,,27,,0,0.01,487,3518,0,305,0,0,0,15,0.0134
,DEN,2018,Chad Kelly,QB,24,2,7,253,1,,,,,,,586,1,-1,,393,1907,0,,,,,,,,,,,,596,4191,0,279,0,-0.1,-0.1,1,0.0009
00-0029677,HOU,2018,Brandon Weeden,QB,35,5,1,22,1,,,,,,,505,1,-1,,472,2016,0,,,,,,,,,0,,,466,3945,0,275,0,-0.1,-0.1,1,0.0009
00-0026625,NEP,2018,Brian Hoyer,QB,33,10,0,0,5,2,1,7,,,3.5,572,11,-8,,478,2037,0.02,,,,,,,,,0,,,487,3518,1,305,0,-0.52,-0.1,27,0.0241
00-0033119,IND,2018,Jacoby Brissett,QB,25,3,3,91,4,4,2,2,,,0.5,643,7,-7,,405,1726,0.02,,,,,,,,,0,,,631,4726,0,332,0,-0.62,-0.16,18,0.0158
00-0029129,CLE,2018,Rod Streater,WR,30,6,0,0,1,,,,,,,571,1,-11,,469,2082,0,,,,,,,,,0,,,635,6312,0,297,0,-1.1,-1.1,23,0.0211
00-0034369,NYG,2018,Kyle Lauletta,QB,23,1,4,108,1,5,,,,1,,581,1,-2,,350,1600,0,,,,,,,,,0,,,574,4450,0,278,0,-2.2,-2.2,19,0.0185
