gsis_id,mfl_id,mergename,pos,team,dynoECR,draft_year,RookieADP,2QB ADP
00-0034844,13604,Saquon Barkley,RB,NYG,1.1,2018,1,1
00-0034358,13605,Derrius Guice,RB,WAS,36.8,2018,2,3
00-0034750,13608,Rashaad Penny,RB,SEA,55.8,2018,3,6
00-0034845,13607,Sony Michel,RB,NEP,30.8,2018,4,7
00-0034349,13612,Kerryon Johnson,RB,DET,34.5,2018,5,14
00-0034816,13606,Ronald Jones,RB,TBB,104.3,2018,6,9
00-0034791,13610,Nick Chubb,RB,CLE,19.5,2018,7,4
00-0034838,13617,Royce Freeman,RB,DEN,72.5,2018,8,11
00-0034827,13635,DJ Moore,WR,CAR,45.5,2018,9,12
00-0034348,13630,Courtland Sutton,WR,DEN,64.8,2018,10,16
00-0034837,13629,Calvin Ridley,WR,ATL,50,2018,11,15
00-0034775,13633,Christian Kirk,WR,ARI,76.5,2018,12,13
00-0034353,13639,Anthony Miller,WR,CHI,89,2018,13,22
00-0034764,13646,Michael Gallup,WR,DAL,108.5,2018,14,18
00-0034367,13622,Nyheim Hines,RB,IND,111.6,2018,15,26
00-0034676,13631,James Washington,WR,PIT,114,2018,16,17
00-0034860,13634,Dante Pettis,WR,SFO,84.8,2018,17,27
00-0034796,13593,Lamar Jackson,QB,BAL,116.9,2018,18,5
00-0034855,13590,Baker Mayfield,QB,CLE,51.6,2018,19,2
00-0034765,13645,TreQuan Smith,WR,NOS,141.5,2018,20,32
00-0034799,13621,Kalen Ballage,RB,MIA,157.7,2018,21,25
00-0034351,13674,Dallas Goedert,TE,PHI,117.6,2018,22,21
00-0034772,13640,Antonio Callaway,WR,CLE,135.3,2018,23,34
00-0034343,13591,Josh Rosen,QB,ARI,173.5,2018,24,8
00-0034869,13592,Sam Darnold,QB,NYJ,128.1,2018,25,10
00-0034808,13619,John Kelly,RB,LAR,201.2,2018,26,30
00-0034331,13613,Jaylen Samuels,RB,PIT,196.2,2018,27,
00-0034857,13589,Josh Allen,QB,BUF,141,2018,28,19
00-0034279,13637,Equanimeous St Brown,WR,GBP,187.4,2018,29,23
00-0034679,13616,Mark Walton,RB,CIN,238.4,2018,30,31
00-0034753,13671,Mark Andrews,TE,BAL,147.5,2018,31,40
00-0034267,13663,Jaleel Scott,WR,BAL,255.5,2018,32,
00-0034432,13615,Bo Scarbrough,RB,SEA,307.1,2018,33,36
00-0034109,13614,Phillip Lindsay,RB,DEN,42.2,2018,100,
00-0034366,13662,Keke Coutee,WR,HOU,109.5,2018,100,41
00-0034766,13679,Chris Herndon,TE,NYJ,132.5,2018,100,
00-0034272,13793,Marquez Valdes-Scantling,WR,GBP,133.8,2018,100,
00-0034370,13649,DaeSean Hamilton,WR,DEN,137.1,2018,100,37
00-0034829,13672,Mike Gesicki,TE,MIA,147,2018,100,20
00-0034378,13768,Ito Smith,RB,ATL,147.7,2018,100,
00-0034184,13850,Gus Edwards,RB,BAL,148.1,2018,100,
00-0034457,13611,Josh Adams,RB,PHI,154.6,2018,100,47
00-0034510,13653,Robert Foster,WR,BUF,155,2018,100,
00-0034830,13680,Hayden Hurst,TE,BAL,163.2,2018,100,35
00-0034777,13668,DJ Chark,WR,JAC,184.4,2018,100,28
00-0034365,13678,Ian Thomas,TE,CAR,188.1,2018,100,
00-0034406,13636,Deon Cain,WR,IND,204.7,2018,100,33
00-0034681,13726,Chase Edmonds,RB,ARI,206,2018,100,48
00-0034400,13789,Jordan Wilkins,RB,IND,206.4,2018,100,46
00-0034339,13664,Trey Quinn,WR,WAS,229.9,2018,100,
00-0034317,13882,Keith Kirkwood,WR,NOS,233.3,2018,100,
00-0034440,13620,Justin Jackson,RB,LAC,247.3,2018,100,43
00-0034268,13657,JMon Moore,WR,GBP,256.1,2018,100,39
00-0034159,13763,Will Dissly,TE,SEA,256.6,2018,100,
00-0034208,13868,Mike Boone,RB,MIN,258,2018,100,
00-0034646,13910,Brandon Powell,WR,DET,258.3,2018,100,
00-0034686,13642,Auden Tate,WR,CIN,261,2018,100,38
00-0034771,13595,Mason Rudolph,QB,PIT,262.3,2018,100,24
00-0034271,13658,Jordan Lasley,WR,BAL,265,2018,100,45
00-0034395,13666,Daurice Fountain,WR,IND,270,2018,100,
00-0034419,13638,Braxton Berrios,WR,NEP,272.7,2018,100,
00-0034301,13623,Darrel Williams,RB,KCC,280.5,2018,100,
00-0034115,14017,Jeffery Wilson,RB,SFO,282,2018,100,
00-0034164,13816,Trenton Cannon,RB,NYJ,289.4,2018,100,
00-0034386,13776,Justin Watson,WR,TBB,290.2,2018,100,
00-0034369,13601,Kyle Lauletta,QB,NYG,292.2,2018,100,29
00-0034221,13628,Roc Thomas,RB,MIN,293.8,2018,100,
00-0034364,13753,Jordan Akins,TE,HOU,295,2018,100,
00-0034414,13814,Boston Scott,RB,PHI,295.3,2018,100,
00-0034420,13819,Jordan Thomas,TE,HOU,296.7,2018,100,
00-0034383,13772,Dalton Schultz,TE,DAL,299.8,2018,100,
00-0033455,13919,Anthony Firkser,TE,TEN,300.5,2018,100,
00-0034393,13673,Troy Fumagalli,TE,DEN,307.3,2018,100,
00-0034653,13648,Deontay Burnett,WR,NYJ,309,2018,100,
00-0034286,13724,Richie James,WR,SFO,311.5,2018,100,
00-0034747,13647,Marcell Ateman,WR,OAK,311.5,2018,100,
00-0034427,13830,David Williams,RB,JAC,400,2018,100,
00-0034319,13857,Deon Yelder,TE,KCC,400,2018,100,
00-0034489,14015,Jalen Tolliver,WR,ARI,400,2018,100,
00-0034565,13891,Detrez Newsome,RB,LAC,400,2018,100,
00-0034423,13824,Danny Etling,QB,NEP,400,2018,100,
00-0034670,13609,Akrum Wadley,RB,FA,400,2018,100,
00-0034315,13725,Chris Warren,RB,OAK,400,2018,100,
00-0034652,13912,Cameron Batson,WR,TEN,400,2018,100,
00-0034309,13999,Chad Beebe,WR,MIN,400,2018,100,
00-0034087,13899,Steve Ishmael,WR,IND,400,2018,100,
00-0032634,13979,David Grinnage,TE,FA,400,2018,100,
00-0034258,13911,Derrick Willies,WR,CLE,400,2018,100,
00-0034596,13625,Ralph Webb,RB,PIT,400,2018,100,
00-0034307,13904,Janarion Grant,WR,BAL,400,2018,100,
00-0034433,13838,Nick Bawden,RB,DET,400,2018,100,
00-0034532,13995,Jordan Franks,TE,CIN,400,2018,100,
00-0034698,13883,Damoun Patterson,WR,NEP,400,2018,100,
00-0034177,13873,Tim Boyle,QB,GBP,400,2018,100,
00-0034439,13847,Ryan Izzo,TE,NEP,400,2018,100,
00-0034201,13958,DeLance Turner,RB,BAL,400,2018,100,
00-0034854,13963,KhaDarel Hodge,WR,LAR,400,2018,100,
00-0034412,13594,Luke Falk,QB,MIA,400,2018,100,44
00-0034798,13676,Durham Smythe,TE,MIA,400,2018,100,
00-0034449,13916,Buddy Howell,RB,HOU,400,2018,100,
00-0034784,13861,Austin Roberts,TE,LAC,400,2018,100,
00-0034669,13881,Jordan Veasy,WR,IND,400,2018,100,
00-0034253,13871,Dontrell Hilliard,RB,CLE,400,2018,100,
00-0034499,13969,Jawill Davis,WR,NYG,400,2018,100,
00-0034633,13656,Jester Weah,WR,HOU,400,2018,100,
00-0034867,13669,Malik Turner,WR,FA,400,2018,100,
00-0034512,13655,Cam Phillips,WR,FA,400,2018,100,
00-0034732,13825,Alex McGough,QB,JAC,400,2018,100,
00-0034052,13585,Brandon Zylstra,WR,MIN,400,2018,100,
00-0034621,13874,Shaun Wilson,RB,TBB,400,2018,100,
00-0034654,13961,Dalyn Dawkins,RB,TEN,400,2018,100,
00-0034073,13988,Ross Dwelley,TE,SFO,400,2018,100,
00-0034597,13849,Ryan Nall,RB,CHI,400,2018,100,
00-0034409,13807,Dylan Cantrell,WR,LAC,400,2018,100,
00-0034297,13863,Byron Pringle,WR,KCC,400,2018,100,
00-0034426,13644,Javon Wims,WR,CHI,400,2018,100,
00-0034200,13875,Mark Thompson,RB,DET,400,2018,100,
00-0034104,13895,Cam Sims,WR,WAS,400,2018,100,
00-0034401,13598,Mike White,QB,DAL,400,2018,100,
00-0034273,13794,Damion Ratley,WR,CLE,400,2018,100,
00-0034531,13603,Quinton Flowers,RB,CIN,400,2018,100,
00-0034411,13809,Russell Gage,WR,ATL,400,2018,100,
00-0034631,13884,Vyncint Smith,WR,HOU,400,2018,100,
00-0034708,13896,Robert Martin,RB,NYG,400,2018,100,
00-0034487,13893,Trent Sherfield,WR,ARI,400,2018,100,
00-0034521,13632,Allen Lazard,WR,GBP,400,2018,100,
00-0034256,13990,DaMari Scott,WR,BUF,400,2018,100,
00-0034126,13596,JT Barrett,QB,NOS,400,2018,100,
00-0034291,13892,Chase Litton,QB,KCC,400,2018,100,
00-0034206,13991,Quadree Henderson,WR,NYG,400,2018,100,
00-0034270,13675,Tyler Conklin,TE,MIN,400,2018,100,
00-0034577,13879,Kyle Allen,QB,CAR,400,2018,100,
00-0034170,14009,Saeed Blacknall,WR,OAK,400,2018,100,
00-0033856,13129,Leonard Fournette,RB,JAC,38.1,2017,1,2
00-0033871,13153,Corey Davis,WR,TEN,40.8,2017,2,1
00-0033280,13130,Christian McCaffrey,RB,CAR,5.2,2017,3,3
00-0033897,13131,Joe Mixon,RB,CIN,11.8,2017,4,4
00-0033893,13128,Dalvin Cook,RB,MIN,16.5,2017,5,5
00-0033906,13132,Alvin Kamara,RB,NOS,5.4,2017,6,12
00-0033536,13154,Mike Williams,WR,LAC,64,2017,7,6
00-0033526,13133,Samaje Perine,RB,WAS,278.6,2017,8,11
00-0033923,13138,Kareem Hunt,RB,CLE,55.4,2017,9,15
00-0033460,13155,John Ross,WR,CIN,159,2017,10,9
00-0033879,13188,OJ Howard,TE,TBB,62.4,2017,11,8
00-0033881,13189,Evan Engram,TE,NYG,71,2017,12,13
00-0033885,13192,David Njoku,TE,CLE,68.6,2017,13,14
00-0033891,13176,Zay Jones,WR,BUF,200.8,2017,14,20
00-0033857,13156,JuJu Smith-Schuster,WR,PIT,14.5,2017,15,16
00-0033282,13157,Curtis Samuel,WR,CAR,158.8,2017,16,21
00-0033925,13134,DOnta Foreman,RB,HOU,151.5,2017,17,18
00-0033951,13234,Marlon Mack,RB,IND,50.5,2017,18,23
00-0033932,13277,Kenny Golladay,WR,DET,31.5,2017,19,44
00-0033948,13139,Jamaal Williams,RB,GBP,166.1,2017,20,22
00-0033286,13237,Joe Williams,RB,FA,400,2017,21,25
00-0033921,13163,Chris Godwin,WR,TBB,55.8,2017,22,24
00-0033908,13164,Cooper Kupp,WR,LAR,47.7,2017,23,26
00-0033553,13146,James Conner,RB,PIT,23.6,2017,24,27
00-0033955,13143,Jeremy McNichols,RB,TEN,400,2017,25,28
00-0033895,13236,Gerald Everett,TE,LAR,160.8,2017,26,34
00-0033537,13113,Deshaun Watson,QB,HOU,49.8,2017,28,7
00-0033896,13254,Adam Shaheen,TE,CHI,210.2,2017,29,33
00-0033911,13167,Taywan Taylor,WR,TEN,188.3,2017,30,32
00-0033933,13280,Chad Williams,WR,ARI,277.4,2017,31,
00-0033916,13173,ArDarius Stewart,WR,FA,294.5,2017,32,36
00-0033873,13116,Patrick Mahomes,QB,KCC,30.2,2017,33,10
00-0033950,13135,Wayne Gallman,RB,NYG,263.6,2017,34,29
00-0033943,13168,Josh Reynolds,WR,LAR,197.7,2017,35,35
00-0033899,13114,DeShone Kizer,QB,GBP,292.7,2017,36,19
00-0033858,13193,Jonnu Smith,TE,TEN,182.8,2017,37,48
00-0033869,13115,Mitchell Trubisky,QB,CHI,102.5,2017,38,17
00-0033561,13137,Donnel Pumphrey,RB,PHI,400,2017,39,41
00-0033293,13319,Aaron Jones,RB,GBP,33.7,2017,40,37
00-0033581,13334,DeAngelo Henderson,RB,NYJ,310.8,2017,41,
00-0033975,13141,Elijah Hood,RB,CAR,400,2017,42,47
00-0033564,13190,Jake Butt,TE,DEN,246.6,2017,43,31
00-0033295,13144,Elijah McGuire,RB,NYJ,144.6,2017,44,
00-0033288,13299,George Kittle,TE,SFO,28.9,2017,45,
00-0033839,13158,Dede Westbrook,WR,JAC,119.4,2017,46,40
00-0033556,13290,Tarik Cohen,RB,CHI,62.2,2017,47,
00-0033604,13370,Krishawn Hogan,WR,IND,400,2017,49,
00-0033594,13364,Chris Carson,RB,SEA,72.4,2017,100,
00-0033308,13378,Matt Breida,RB,SFO,88,2017,100,
00-0033699,13404,Austin Ekeler,RB,LAC,126.8,2017,100,
00-0033589,13348,David Moore,WR,SEA,178.3,2017,100,
00-0033681,13412,Keelan Cole,WR,JAC,196.1,2017,100,
00-0033611,13382,Ricky Seals-Jones,TE,ARI,204.3,2017,100,
00-0033658,13722,Blake Jarwin,TE,DAL,217,2017,100,
00-0033725,13136,Corey Clement,RB,PHI,227,2017,100,
00-0033319,13968,Nick Mullens,QB,SFO,238,2017,100,
00-0033292,13316,Trent Taylor,WR,SFO,255.7,2017,100,
00-0033555,13289,Mack Hollins,WR,PHI,256.5,2017,100,
00-0033307,13418,Kendrick Bourne,WR,SFO,259,2017,100,
00-0033375,13377,Tim Patrick,WR,DEN,259.5,2017,100,
00-0033937,13166,Amara Darboh,WR,SEA,275,2017,100,
00-0033840,13183,Chad Hansen,WR,DEN,279.5,2017,100,
00-0033859,13235,Josh Malone,WR,CIN,286.5,2017,100,
00-0033357,13424,Taysom Hill,QB,NOS,287.7,2017,100,
00-0033597,13121,Chad Kelly,QB,FA,291.7,2017,100,44
00-0033559,13197,Michael Roberts,TE,DET,294.5,2017,100,
00-0033936,13125,CJ Beathard,QB,SFO,297.7,2017,100,45
00-0033291,13187,DeAngelo Yancey,WR,NYJ,301.5,2017,100,
00-0034011,13880,Dan Arnold,TE,NOS,302,2017,100,
00-0033958,13127,Nathan Peterman,QB,OAK,302.2,2017,100,
00-0033387,13391,Jacob Hollister,TE,NEP,302.5,2017,100,
00-0033550,13120,Davis Webb,QB,NYJ,304.2,2017,100,38
00-0033562,13165,Ryan Switzer,WR,PIT,305.5,2017,100,
00-0033789,13142,TJ Logan,RB,ARI,310.8,2017,100,
00-0033251,13488,Zach Pascal,WR,IND,311.5,2017,100,
00-0033953,13195,Jordan Leggett,TE,NYJ,313.5,2017,100,
00-0033464,13169,Jehu Chesson,WR,WAS,315.5,2017,100,
00-0033471,13162,Isaiah Ford,WR,MIA,322,2017,100,
00-0033530,13238,Robert Davis,WR,WAS,400,2017,100,
00-0033696,13438,Sean Culkin,TE,LAC,400,2017,100,
00-0033591,13172,Noah Brown,WR,DAL,400,2017,100,
00-0033373,13384,Taquan Mizzell,RB,CHI,400,2017,100,
00-0033757,13427,Robert Tonyan,TE,GBP,400,2017,100,
00-0033773,13420,Riley McCarron,WR,FA,400,2017,100,
00-0033306,13375,Victor Bolden,WR,BUF,400,2017,100,
00-0033968,13177,Stacy Coley,WR,NYJ,400,2017,100,
00-0033633,13372,Tanner Gentry,WR,CHI,400,2017,100,
00-0033366,13406,Quincy Adeboyejo,WR,BAL,400,2017,100,
00-0033573,13170,Shelton Gibson,WR,PHI,400,2017,100,
00-0033379,13398,Tim White,WR,NYJ,400,2017,100,
00-0033760,13150,Justin Davis,RB,LAR,400,2017,100,
00-0034054,13862,River Cracraft,WR,DEN,400,2017,100,
00-0033376,13455,Patrick Ricard,RB,BAL,400,2017,100,
00-0033421,13445,Antony Auclair,TE,TBB,400,2017,100,
00-0033567,13240,Brian Hill,RB,ATL,400,2017,100,
00-0033838,13452,Trey Edmunds,RB,PIT,400,2017,100,
00-0033596,13140,Matthew Dayes,RB,SFO,400,2017,100,
00-0033309,13159,KD Cannon,WR,DAL,400,2017,100,
00-0031787,12443,Jake Kumerow,WR,GBP,400,2017,100,
00-0033797,13359,Khalfani Muhammad,RB,DEN,400,2017,100,
00-0033466,13313,Isaiah McKenzie,WR,BUF,400,2017,100,
00-0033949,13119,Joshua Dobbs,QB,PIT,400,2017,100,42
00-0033296,13326,Alexander Armah,RB,CAR,400,2017,100,
00-0033576,13315,Eric Saubert,TE,ATL,400,2017,100,
00-0033798,13366,Mason Schreck,TE,CIN,400,2017,100,
00-0033528,13194,Jeremy Sprinkle,TE,WAS,400,2017,100,
00-0033627,13890,Jason Croom,TE,BUF,400,2017,100,
00-0033315,13511,Cole Hikutini,TE,MIN,400,2017,100,
00-0033966,13191,Bucky Hodges,TE,PIT,400,2017,100,48
00-0033672,13389,Kyle Sloter,QB,MIN,400,2017,100,
00-0033662,13124,Cooper Rush,QB,DAL,400,2017,100,
00-0033585,13117,Brad Kaaya,QB,CIN,400,2017,100,
00-0033246,13940,Johnny Mundt,TE,LAR,400,2017,100,
00-0033304,13357,Devante Mays,RB,CLE,400,2017,100,
00-0033854,13148,Dare Ogunbowale,RB,FA,400,2017,100,
00-0033441,13371,Keon Hatcher,WR,OAK,400,2017,100,
00-0033382,13367,Austin Carr,WR,NOS,400,2017,100,
00-0033599,13538,Carlton Agudosi,WR,PHI,400,2017,100,
00-0033620,13421,Brandon Reilly,WR,DET,400,2017,100,
00-0033217,13246,Mo Alie-Cox,TE,IND,400,2017,100,
00-0033735,13728,Billy Brown,TE,IND,400,2017,100,
00-0033474,13179,Gehrig Dieter,WR,KCC,400,2017,100,
00-0033305,13160,Malachi Dupre,WR,ARI,400,2017,100,39
00-0033481,13503,Marcus Kemp,WR,KCC,400,2017,100,
00-0033742,13411,Tyrone Swoopes,TE,SEA,400,2017,100,
00-0033434,13544,Bobo Wilson,WR,TBB,400,2017,100,
00-0033706,13161,Artavis Scott,WR,LAC,400,2017,100,
00-0033992,13390,Lance Lenoir,WR,DAL,400,2017,100,
00-0033374,13924,Ricky Ortiz,RB,ATL,400,2017,100,
00-0033045,12625,Ezekiel Elliott,RB,DAL,3.6,2016,1,1
00-0032951,12645,Laquon Treadwell,WR,MIN,276.3,2016,3,2
00-0032966,12646,Corey Coleman,WR,NYG,400,2016,4,3
00-0032760,12648,Josh Doctson,WR,WAS,177.7,2016,5,4
00-0033106,12611,Jared Goff,QB,LAR,79.2,2016,31,5
00-0032950,12610,Carson Wentz,QB,PHI,68.4,2016,36,6
00-0032385,12658,Sterling Shepard,WR,NYG,103,2016,6,7
00-0032764,12626,Derrick Henry,RB,TEN,50.8,2016,9,8
00-0032411,12632,Kenneth Dixon,RB,BAL,158.5,2016,14,9
00-0033108,12612,Paxton Lynch,QB,SEA,400,2016,37,10
00-0032765,12652,Michael Thomas,WR,NOS,8,2016,7,11
00-0032393,12627,CJ Prosise,RB,SEA,298.8,2016,13,12
00-0033009,12650,Tyler Boyd,WR,CIN,77.2,2016,11,13
00-0033127,12647,Will Fuller,WR,HOU,68.6,2016,12,14
00-0032972,12629,Devontae Booker,RB,DEN,250.3,2016,15,15
00-0032417,12631,Paul Perkins,RB,NYG,400,2016,20,16
00-0033090,12676,Hunter Henry,TE,LAC,71.9,2016,23,17
00-0032780,12634,Jordan Howard,RB,CHI,84.7,2016,17,18
00-0033118,12630,Kenyan Drake,RB,MIA,80.4,2016,25,19
00-0033060,12655,Leonte Carroo,WR,FA,290,2016,10,20
00-0033069,12651,Braxton Miller,WR,PHI,296.5,2016,24,21
00-0032400,12669,Malcolm Mitchell,WR,FA,276.5,2016,19,22
00-0032940,12857,DeAndre Washington,RB,OAK,296.8,2016,16,24
00-0033111,12660,Pharoh Cooper,WR,ARI,400,2016,28,25
00-0032392,12677,Austin Hooper,TE,ATL,120.1,2016,27,26
00-0032426,12628,Alex Collins,RB,FA,168.2,2016,34,27
00-0033098,12615,Cardale Jones,QB,LAC,400,2016,100,29
00-0032782,12636,Wendell Smallwood,RB,PHI,248.9,2016,18,30
00-0032975,12635,Jonathan Williams,RB,IND,400,2016,26,31
00-0032404,12639,Tyler Ervin,RB,BAL,400,2016,32,32
00-0033114,12675,Mike Thomas,WR,LAR,400,2016,33,33
00-0032778,12657,Tajae Sharpe,WR,TEN,289.3,2016,21,36
00-0032377,12640,Josh Ferguson,RB,HOU,400,2016,22,40
00-0032977,12656,Rashard Higgins,WR,CLE,400,2016,35,41
00-0033110,12678,Tyler Higbee,TE,LAR,227,2016,38,39
00-0032775,12785,Demarcus Robinson,WR,KCC,244,2016,43,
00-0032959,12673,Charone Peake,WR,NYJ,400,2016,45,
00-0033077,12620,Dak Prescott,QB,DAL,122.8,2016,47,35
00-0033040,12801,Tyreek Hill,WR,KCC,14.8,2016,100,
00-0032688,12930,Robby Anderson,WR,NYJ,91.5,2016,100,
00-0032626,12665,Geronimo Allison,WR,GBP,170.3,2016,100,
00-0032741,12637,Peyton Barber,RB,TBB,188,2016,100,
00-0032791,12814,Jakeem Grant,WR,MIA,251.7,2016,100,
00-0032394,12680,Nick Vannett,TE,SEA,255.6,2016,100,
00-0032398,12773,Chris Moore,WR,BAL,286,2016,100,46
00-0032436,12623,Jeff Driskel,QB,CIN,287.7,2016,100,
00-0033119,12616,Jacoby Brissett,QB,IND,288.5,2016,100,49
00-0033104,12617,Cody Kessler,QB,JAC,299.5,2016,100,34
00-0032725,12859,Stephen Anderson,TE,NEP,305,2016,100,
00-0033080,12792,Seth DeValve,TE,CLE,311.5,2016,100,
00-0033054,12833,Rico Gathers,TE,DAL,314.5,2016,100,47
00-0032540,13057,Tra Carson,RB,GBP,400,2016,100,
00-0032784,12618,Kevin Hogan,QB,DEN,400,2016,100,
00-0032630,12925,Joe Callahan,QB,TBB,400,2016,100,
00-0032661,12868,Ben Braunecker,TE,CHI,400,2016,100,
00-0032792,12815,Nate Sudfeld,QB,PHI,400,2016,100,
00-0032747,13019,Russell Hansbrough,RB,WAS,400,2016,100,
00-0032980,13387,Marcus Johnson,WR,IND,400,2016,100,
00-0033266,13529,JoJo Natson,WR,LAR,400,2016,100,
00-0032508,12874,Hakeem Valles,TE,FA,400,2016,100,
00-0032429,12681,Jerell Adams,TE,HOU,400,2016,100,
00-0032431,12819,Jake Rudock,QB,MIA,400,2016,100,
00-0032475,12949,Tanner McEvoy,WR,FA,400,2016,100,
00-0032593,12867,Brandon Wilds,RB,FA,400,2016,100,
00-0032602,13108,JD McKissic,RB,SEA,400,2016,100,
00-0032839,12884,Hunter Sharp,WR,CIN,400,2016,100,
00-0032543,12913,Alex Erickson,WR,CIN,400,2016,100,
00-0033006,13510,Jaydon Mickens,WR,JAC,400,2016,100,
00-0033079,12777,Ricardo Louis,WR,CLE,400,2016,100,
00-0032795,12824,Cody Core,WR,CIN,400,2016,100,
00-0032355,12934,Chester Rogers,WR,IND,400,2016,100,
00-0032441,12662,Aaron Burbridge,WR,DEN,400,2016,100,
00-0033164,12929,Troymaine Pope,RB,LAC,400,2016,100,
00-0033258,13396,Darrell Daniels,TE,ARI,400,2016,100,
00-0032371,12887,Rob Kelley,RB,WAS,400,2016,100,
00-0032707,12873,Andy Jones,WR,DET,400,2016,100,
00-0033112,12807,Temarrick Hemingway,TE,DEN,400,2016,100,
00-0032964,12864,Byron Marshall,RB,WAS,400,2016,100,
00-0032472,12644,Tre Madden,RB,SEA,400,2016,100,
00-0032423,12800,Trevor Davis,WR,GBP,400,2016,100,
00-0033078,12638,Keenan Reynolds,WR,SEA,400,2016,100,
00-0033049,12832,Darius Jackson,RB,DAL,400,2016,100,
00-0032488,12918,Mose Frazier,WR,CAR,400,2016,100,
00-0032659,12649,Roger Lewis,WR,TEN,400,2016,100,
00-0032881,12921,Tommylee Lewis,WR,DET,400,2016,100,
00-0032577,12871,DJ Foster,RB,ARI,400,2016,100,
00-0032956,12806,Andy Janovich,RB,DEN,400,2016,100,
00-0032745,12996,Alan Cross,TE,TBB,400,2016,100,
00-0032599,12685,Joshua Perkins,TE,PHI,400,2016,100,
00-0032450,12845,Dwayne Washington,RB,NOS,400,2016,100,
00-0033025,12912,Jalen Richard,RB,OAK,400,2016,100,
00-0032813,13239,Elijhaa Penny,RB,NYG,400,2016,100,
00-0032864,13067,Alex Ellis,TE,KCC,400,2016,100,
00-0032935,12916,Johnny Holton,WR,PHI,400,2016,100,
00-0033095,13546,Garrett Griffin,TE,NOS,400,2016,100,
00-0032937,12900,Max McCaffrey,WR,SFO,400,2016,100,
00-0032362,12917,Maurice Harris,WR,NEP,400,2016,100,
00-0032430,12816,David Morgan,TE,MIN,400,2016,100,
00-0032562,12899,Cole Wick,TE,TEN,400,2016,100,
00-0032918,12923,CJ Ham,RB,MIN,400,2016,100,
00-0032434,12621,Brandon Allen,QB,LAR,400,2016,100,
00-0032897,12823,Derek Watt,RB,LAC,400,2016,100,
00-0032893,12613,Connor Cook,QB,DET,400,2016,100,48
00-0031484,12955,Chris Manhertz,TE,CAR,400,2016,100,
00-0033094,13505,Marvin Hall,WR,CHI,400,2016,100,
00-0032464,13066,Kalif Raymond,WR,TEN,400,2016,100,
00-0032794,12822,Dan Vitale,RB,GBP,400,2016,100,
00-0031544,12175,Amari Cooper,WR,DAL,19.1,2015,1,
00-0032241,12150,Todd Gurley,RB,LAR,6.4,2015,2,
00-0032144,12151,Melvin Gordon,RB,LAC,12.5,2015,3,
00-0031545,12177,Kevin White,WR,ARI,289,2015,4,
00-0031547,12176,DeVante Parker,WR,MIA,130.3,2015,5,
00-0032209,12153,TJ Yeldon,RB,FA,127.5,2015,6,
00-0031549,12181,Nelson Agholor,WR,PHI,162.6,2015,7,
00-0032104,12155,Ameer Abdullah,RB,MIN,281.4,2015,8,
00-0032054,12197,Breshad Perriman,WR,TBB,278,2015,9,
00-0032058,12152,Tevin Coleman,RB,SFO,63.2,2015,11,
00-0032257,12157,Duke Johnson,RB,CLE,112.9,2015,12,
00-0032208,12188,Phillip Dorsett,WR,NEP,226,2015,13,
00-0032055,12205,Devin Funchess,WR,IND,138.8,2015,14,
00-0031590,12154,Jay Ajayi,RB,PHI,400,2015,15,
00-0032187,12171,David Johnson,RB,ARI,18.5,2015,16,
00-0031503,12140,Jameis Winston,QB,TBB,116.9,2015,18,
00-0032268,12141,Marcus Mariota,QB,TEN,156.9,2015,19,
00-0031558,12206,Maxx Williams,TE,BAL,400,2015,21,
00-0031577,12159,Javorius Allen,RB,BAL,400,2015,22,
00-0031939,12162,Matt Jones,RB,FA,400,2015,23,
00-0032128,12257,Chris Conley,WR,JAC,272.6,2015,24,
00-0032211,12187,Tyler Lockett,WR,SEA,84.2,2015,25,
00-0031599,12161,Cameron Artis-Payne,RB,CAR,400,2015,27,
00-0032166,12178,Sammie Coates,WR,KCC,400,2015,28,
00-0031570,12185,Justin Hardy,WR,ATL,400,2015,29,
00-0032063,12164,Mike Davis,RB,CHI,205,2015,30,
00-0031588,12186,Stefon Diggs,WR,MIN,20.8,2015,33,
00-0032123,12260,Tre McBride,WR,WAS,400,2015,34,
00-0032256,12210,Clive Walford,TE,MIA,400,2015,35,
00-0031569,12156,Jeremy Langford,RB,ATL,400,2015,36,
00-0031665,12264,Zach Zenner,RB,DET,400,2015,38,
00-0032200,12261,Ty Montgomery,RB,BAL,400,2015,39,
00-0032170,12183,Rashad Greene,WR,JAC,400,2015,40,
00-0031941,12184,Jamison Crowder,WR,NYJ,173.6,2015,41,
00-0032135,12211,Jesse James,TE,DET,215.3,2015,42,
00-0032188,12196,Vince Mayle,TE,LAC,400,2015,43,
00-0032160,12391,Tyrell Williams,WR,OAK,160.3,2015,100,
00-0032009,12505,Adam Humphries,WR,TEN,164,2015,100,
00-0032141,12378,Geoff Swaim,TE,JAC,205.5,2015,100,
00-0031806,12386,Malcolm Brown,RB,LAR,226.4,2015,100,
00-0031912,12465,Cameron Meredith,WR,NOS,241.1,2015,100,
00-0032214,12212,Tyler Kroft,TE,BUF,259.5,2015,100,
00-0032112,12319,JJ Nelson,WR,OAK,270.7,2015,100,
00-0032134,12317,CJ Uzomah,TE,CIN,290,2015,100,
00-0032227,12208,Jeff Heuerman,TE,DEN,290.8,2015,100,
00-0031959,12367,Marcus Murphy,RB,BUF,294.2,2015,100,
00-0031782,12731,Eli Rogers,WR,PIT,296,2015,100,
00-0032156,12381,Trevor Siemian,QB,NYJ,299.2,2015,100,
00-0031589,12142,Brett Hundley,QB,ARI,301.7,2015,100,
00-0031744,12596,Matt LaCosse,TE,NEP,311.3,2015,100,
00-0031609,12351,AJ Derby,TE,MIA,400,2015,100,
00-0032120,12363,Neal Sterling,TE,NYJ,400,2015,100,
00-0031687,12447,Raheem Mostert,RB,SFO,400,2015,100,
00-0031900,12444,Rod Smith,RB,DAL,400,2015,100,
00-0032319,12898,Ross Travis,TE,IND,400,2015,100,
00-0031897,12169,Thomas Rawls,RB,JAC,400,2015,100,
00-0031788,13044,Matt Lengel,TE,CIN,400,2015,100,
00-0032115,12337,Kaelin Clay,WR,FA,400,2015,100,
00-0031884,12499,Gabe Holmes,TE,IND,400,2015,100,
00-0031800,12476,Taylor Heinicke,QB,CAR,400,2015,100,
00-0031818,12475,Bradley Marquez,WR,DET,400,2015,100,
00-0031610,12263,Darren Waller,TE,OAK,400,2015,100,
00-0032139,12209,Ben Koyack,TE,JAC,400,2015,100,
00-0032245,12145,Sean Mannion,QB,FA,400,2015,100,
00-0031568,12144,Bryce Petty,QB,FA,400,2015,100,
00-0031595,12325,Michael Burton,RB,CHI,400,2015,100,
00-0031690,13065,Eric Tomlinson,TE,NYJ,400,2015,100,
00-0031697,12398,Jordan Taylor,WR,DEN,400,2015,100,
00-0031731,12402,Corey Grant,RB,JAC,400,2015,100,
00-0032148,12146,Garrett Grayson,QB,DEN,400,2015,100,
00-0032062,12213,Blake Bell,TE,JAC,400,2015,100,
00-0031585,12309,MyCole Pruitt,TE,TEN,400,2015,100,
00-0031953,12338,Geremy Davis,WR,LAC,400,2015,100,
00-0031951,12330,James OShaughnessy,TE,JAC,400,2015,100,
00-0031922,12479,Khari Lee,TE,BUF,400,2015,100,
00-0032117,12207,Nick OLeary,TE,MIA,400,2015,100,
00-0031598,12328,Nick Boyle,TE,BAL,400,2015,100,
00-0032004,12532,Will Tye,TE,PHI,400,2015,100,
00-0031763,12394,DeAndre Carter,WR,HOU,400,2015,100,
00-0031868,12464,Damiere Byrd,WR,CAR,400,2015,100,
00-0031972,12586,Darius Jennings,WR,TEN,400,2015,100,
00-0032098,12585,Daniel Brown,TE,NYJ,400,2015,100,
00-0032089,12433,Brian Parker,TE,DEN,400,2015,100,
00-0031325,11670,Sammy Watkins,WR,KCC,77.1,2014,1,
00-0031408,11671,Mike Evans,WR,TBB,13.2,2014,2,
00-0031236,11674,Brandin Cooks,WR,LAR,31.3,2014,3,
00-0031299,11676,Jordan Matthews,WR,SFO,292.6,2014,5,
00-0031045,11657,Carlos Hyde,RB,KCC,131.8,2014,6,
00-0031381,11675,Davante Adams,WR,GBP,9.1,2014,7,
00-0031359,11673,Kelvin Benjamin,WR,KCC,400,2014,8,
00-0031301,11654,Jeremy Hill,RB,NEP,400,2014,9,
00-0031375,11746,Terrance West,RB,FA,400,2014,10,
00-0031431,11672,Marqise Lee,WR,JAC,164,2014,11,
00-0031235,11679,Odell Beckham,WR,CLE,6.5,2014,12,
00-0031387,11695,Eric Ebron,TE,IND,82.2,2014,13,
00-0031428,11678,Allen Robinson,WR,CHI,49.9,2014,14,
00-0031285,11660,Devonta Freeman,RB,ATL,59.4,2014,15,
00-0031344,11758,Cody Latimer,WR,NYG,400,2014,16,
00-0031339,11677,Donte Moncrief,WR,PIT,153.8,2014,18,
00-0031418,11697,Austin Seferian-Jenkins,TE,JAC,400,2014,20,
00-0031237,11640,Teddy Bridgewater,QB,NOS,224.3,2014,22,
00-0031062,11747,James White,RB,NEP,84.4,2014,23,
00-0031390,11656,Charles Sims,RB,FA,400,2014,25,
00-0031257,11681,Paul Richardson,WR,WAS,202.6,2014,27,
00-0030656,11668,Isaiah Crowell,RB,FA,154.8,2014,28,
00-0031382,11680,Jarvis Landry,WR,CLE,58.8,2014,29,
00-0031376,11761,Jerick McKinnon,RB,SFO,86.8,2014,30,
00-0031373,11688,Martavis Bryant,WR,OAK,400,2014,31,
00-0031051,11783,John Brown,WR,BUF,117.1,2014,32,
00-0031407,11642,Blake Bortles,QB,LAR,251.2,2014,34,
00-0031001,11870,Jeff Janis,WR,FA,400,2014,37,
00-0031280,11644,Derek Carr,QB,OAK,175.6,2014,39,
00-0031060,11659,DeAnthony Thomas,WR,KCC,400,2014,40,
00-0031326,11689,Bruce Ellington,WR,NEP,231.5,2014,42,
00-0030801,11754,Brandon Coleman,WR,FA,400,2014,46,
00-0031025,11857,Michael Campanaro,WR,FA,400,2014,48,
00-0031260,11647,Logan Thomas,TE,DET,400,2014,49,
00-0030035,11938,Adam Thielen,WR,MIN,33.6,2014,100,
00-0030874,11886,Damien Williams,RB,KCC,85.7,2014,100,
00-0030710,11705,Trey Burton,TE,CHI,93.8,2014,100,
00-0031345,11760,Jimmy Garoppolo,QB,SFO,108.4,2014,100,
00-0031023,11850,Quincy Enunwa,WR,NYJ,150.5,2014,100,
00-0031228,11975,Taylor Gabriel,WR,CHI,175.9,2014,100,
00-0031273,12110,Cameron Brate,TE,TBB,198.4,2014,100,
00-0030663,11951,Willie Snead,WR,BAL,205.6,2014,100,
00-0030669,11890,Albert Wilson,WR,MIA,216,2014,100,
00-0030821,11925,Allen Hurns,WR,DAL,237.8,2014,100,
00-0031166,12471,Seth Roberts,WR,OAK,282.5,2014,100,
00-0031288,11643,AJ McCarron,QB,HOU,300.2,2014,100,
00-0031395,11854,Garrett Gilbert,QB,CAR,400,2014,100,
00-0031076,11835,David Fales,QB,MIA,400,2014,100,
00-0030780,11927,Ryan Hewitt,RB,IND,400,2014,100,
00-0031189,11686,TJ Jones,WR,DET,400,2014,100,
00-0031068,11812,Ryan Grant,WR,IND,400,2014,100,
00-0030737,12062,Freddie Martino,WR,FA,400,2014,100,
00-0031167,12138,Scott Simonson,TE,NYG,400,2014,100,
00-0031035,11701,Xavier Grimble,TE,PIT,400,2014,100,
00-0030668,12098,Charcandrick West,RB,KCC,400,2014,100,
00-0031384,11785,Richard Rodgers,TE,PHI,400,2014,100,
00-0030670,11931,Bennie Fowler,WR,NYG,400,2014,100,
00-0031075,11834,Alfred Blue,RB,HOU,400,2014,100,
00-0031064,11649,Tom Savage,QB,CIN,400,2014,100,
00-0030711,11894,David Fluellen,RB,TEN,400,2014,100,
00-0031277,11941,Branden Oliver,RB,FA,400,2014,100,
00-0031102,11895,Kapri Bibbs,RB,GBP,400,2014,100,
00-0030968,12040,Keith Smith,RB,OAK,400,2014,100,
00-0030741,4397,Roosevelt Nix,RB,PIT,400,2014,100,
00-0030854,11904,Erik Swoope,TE,NOS,400,2014,100,
00-0031209,11964,Senorise Perry,RB,MIA,400,2014,100,
00-0030496,11192,LeVeon Bell,RB,NYJ,22.5,2013,1,
00-0030456,11193,Giovani Bernard,RB,CIN,180.1,2013,2,
00-0030485,11201,Eddie Lacy,RB,FA,400,2013,3,
00-0030525,11213,Tavon Austin,WR,DAL,275.3,2013,5,
00-0030564,11232,DeAndre Hopkins,WR,HOU,2.8,2013,6,
00-0030578,11225,Cordarrelle Patterson,WR,CHI,256,2013,7,
00-0030432,11179,Christine Michael,RB,FA,400,2013,8,
00-0030549,11250,Tyler Eifert,TE,CIN,211.6,2013,9,
00-0030460,11229,Markus Wheaton,WR,PHI,400,2013,13,
00-0030279,11222,Keenan Allen,WR,LAC,23,2013,14,
00-0030431,11228,Robert Woods,WR,LAR,41,2013,16,
00-0030526,11154,EJ Manuel,QB,KCC,400,2013,18,
00-0030506,11244,Travis Kelce,TE,KCC,23.7,2013,19,
00-0030513,11390,Latavius Murray,RB,NOS,156.3,2013,20,
00-0030521,11212,Justin Hunter,WR,PIT,400,2013,22,
00-0030061,11247,Zach Ertz,TE,PHI,35.2,2013,25,
00-0030565,11150,Geno Smith,QB,LAC,400,2013,27,
00-0030433,11180,Mike Gillislee,RB,FA,314.3,2013,28,
00-0030287,11175,Andre Ellington,RB,TBB,400,2013,30,
00-0030465,11177,Kenjon Barner,RB,ATL,400,2013,36,
00-0030542,11211,Terrance Williams,WR,FA,299,2013,37,
00-0030472,11248,Jordan Reed,TE,WAS,153.6,2013,38,
00-0030470,11257,Vance McDonald,TE,PIT,139.4,2013,39,
00-0030085,11227,Kenny Stills,WR,MIA,175.7,2013,41,
00-0030117,11185,Kerwynn Williams,RB,DET,400,2013,42,
00-0030068,11239,Marquise Goodwin,WR,SFO,121.9,2013,44,
00-0030113,11409,Charles Johnson,WR,FA,400,2013,45,
00-0030533,11151,Matt Barkley,QB,BUF,295.2,2013,46,
00-0030516,11406,Brice Butler,WR,MIA,275.5,2013,47,
00-0030288,11182,Rex Burkhead,RB,NEP,189.9,2013,51,
00-0030404,11186,Chris Thompson,RB,WAS,135.9,2013,100,
00-0030181,11516,Jack Doyle,TE,IND,138.7,2013,100,
00-0029854,11454,CJ Anderson,RB,LAR,187.2,2013,100,
00-0030107,11188,Theo Riddick,RB,DET,238.8,2013,100,
00-0030300,11456,Jaron Brown,WR,SEA,262,2013,100,
00-0029892,11367,Kyle Juszczyk,RB,SFO,304.2,2013,100,
00-0030216,11529,Josh Hill,TE,NOS,307.7,2013,100,
00-0030108,11399,Ryan Griffin,TE,HOU,310,2013,100,
00-0029857,11441,Ryan Griffin,QB,TBB,400,2013,100,
00-0030520,11152,Mike Glennon,QB,OAK,400,2013,100,
00-0030443,11252,Levine Toilolo,TE,DET,400,2013,100,
00-0029931,11474,Zach Line,RB,NOS,400,2013,100,
00-0029878,11434,MarQueis Gray,TE,MIA,400,2013,100,
00-0030524,11156,Landry Jones,QB,FA,400,2013,100,
00-0028411,11957,Dontrelle Inman,WR,IND,400,2013,100,
00-0029795,11432,Benny Cunningham,RB,CHI,400,2013,100,
00-0029848,11600,Nick Williams,WR,FA,400,2013,100,
00-0030422,11249,Dion Sims,TE,FA,400,2013,100,
00-0030414,11199,Spencer Ware,RB,KCC,400,2013,100,
00-0030091,11219,Tavarres King,WR,FA,400,2013,100,
00-0030147,11237,Russell Shepard,WR,NYG,400,2013,100,
00-0030112,11408,Tommy Bohanon,RB,JAC,400,2013,100,
00-0030155,11448,Demetrius Harris,TE,CLE,400,2013,100,
00-0030089,11381,Luke Willson,TE,DET,400,2013,100,
